citing_work_id,citing_doi,citing_title,publication_year,author_order,author_id,author_name,author_orcid,author_position,institution_id,institution_name,institution_type,ror,raw_affiliation_strings,raw_affiliation_institution_links,reported_country_codes,country_code,country,state_province,region_id,city,latitude,longitude,geo_status,geo_source,region_basis,region_source,region_admin1_code,coordinate_precision,is_direct_self_citation,included_in_public_map
W7154682570,10.1002/rnc.70552,A Model‐Free Non‐Zero‐Sum Game Framework for Safe and Optimal Vehicle Platooning Control,2026,1,A5027294310,J T Liu,,first,I205237279,Nankai University,education,https://ror.org/01y1kjr75,"[""College of Artificial Intelligence Nankai University  Tianjin China""]","[{""raw_affiliation_string"": ""College of Artificial Intelligence Nankai University  Tianjin China"", ""institution_ids"": [""https://openalex.org/I205237279""]}]","[""CN""]",CN,China,Tianjin,CN-tianjin,Tianjin,39.14221954345703,117.17666625976562,institution_geo,https://api.openalex.org/institutions/I205237279,Natural Earth v5.1.2 point-in-polygon using institution city coordinates,https://raw.githubusercontent.com/nvkelso/natural-earth-vector/v5.1.2/geojson/ne_10m_admin_1_states_provinces.geojson,CN-TJ,institution_city_point,False,True
W7154682570,10.1002/rnc.70552,A Model‐Free Non‐Zero‐Sum Game Framework for Safe and Optimal Vehicle Platooning Control,2026,2,A5133916001,Fei Chen,,middle,I205237279,Nankai University,education,https://ror.org/01y1kjr75,"[""College of Artificial Intelligence Nankai University  Tianjin China""]","[{""raw_affiliation_string"": ""College of Artificial Intelligence Nankai University  Tianjin China"", ""institution_ids"": [""https://openalex.org/I205237279""]}]","[""CN""]",CN,China,Tianjin,CN-tianjin,Tianjin,39.14221954345703,117.17666625976562,institution_geo,https://api.openalex.org/institutions/I205237279,Natural Earth v5.1.2 point-in-polygon using institution city coordinates,https://raw.githubusercontent.com/nvkelso/natural-earth-vector/v5.1.2/geojson/ne_10m_admin_1_states_provinces.geojson,CN-TJ,institution_city_point,False,True
W7154682570,10.1002/rnc.70552,A Model‐Free Non‐Zero‐Sum Game Framework for Safe and Optimal Vehicle Platooning Control,2026,3,A5037573848,Jing Yuan,https://orcid.org/0000-0001-5495-684X,last,I205237279,Nankai University,education,https://ror.org/01y1kjr75,"[""College of Artificial Intelligence Nankai University  Tianjin China""]","[{""raw_affiliation_string"": ""College of Artificial Intelligence Nankai University  Tianjin China"", ""institution_ids"": [""https://openalex.org/I205237279""]}]","[""CN""]",CN,China,Tianjin,CN-tianjin,Tianjin,39.14221954345703,117.17666625976562,institution_geo,https://api.openalex.org/institutions/I205237279,Natural Earth v5.1.2 point-in-polygon using institution city coordinates,https://raw.githubusercontent.com/nvkelso/natural-earth-vector/v5.1.2/geojson/ne_10m_admin_1_states_provinces.geojson,CN-TJ,institution_city_point,False,True
W7206203312,10.1016/j.eswa.2026.134256,A hierarchical multi-task learning-based electrical energy consumption prediction method with application to the hot strip rolling mill process,2026,1,A5146613034,Kai Zhang,https://orcid.org/0009-0009-4472-1831,first,I92403157,University of Science and Technology Beijing,education,https://ror.org/02egmk993,"[""Key Laboratory of Knowledge Automation for Industrial Processes of Ministry of Education, School of Automation and Electrical Engineering, University of Science and Technology Beijing, Beijing, 100083, PR China"", ""School of Automation and Electrical Engineering, University of Science and Technology Beijing, Beijing, 100083, PR China""]","[{""raw_affiliation_string"": ""Key Laboratory of Knowledge Automation for Industrial Processes of Ministry of Education, School of Automation and Electrical Engineering, University of Science and Technology Beijing, Beijing, 100083, PR China"", ""institution_ids"": [""https://openalex.org/I92403157""]}, {""raw_affiliation_string"": ""School of Automation and Electrical Engineering, University of Science and Technology Beijing, Beijing, 100083, PR China"", ""institution_ids"": [""https://openalex.org/I92403157""]}]","[""CN""]",CN,China,Beijing,CN-beijing,Beijing,39.9075,116.39723,institution_geo,https://api.openalex.org/institutions/I92403157,OpenAlex institution.geo.region,,,institution_city_point,False,True
W7206203312,10.1016/j.eswa.2026.134256,A hierarchical multi-task learning-based electrical energy consumption prediction method with application to the hot strip rolling mill process,2026,2,A5126515100,Zongxu Cao,,middle,I92403157,University of Science and Technology Beijing,education,https://ror.org/02egmk993,"[""School of Automation and Electrical Engineering, University of Science and Technology Beijing, Beijing, 100083, PR China""]","[{""raw_affiliation_string"": ""School of Automation and Electrical Engineering, University of Science and Technology Beijing, Beijing, 100083, PR China"", ""institution_ids"": [""https://openalex.org/I92403157""]}]","[""CN""]",CN,China,Beijing,CN-beijing,Beijing,39.9075,116.39723,institution_geo,https://api.openalex.org/institutions/I92403157,OpenAlex institution.geo.region,,,institution_city_point,False,True
W7206203312,10.1016/j.eswa.2026.134256,A hierarchical multi-task learning-based electrical energy consumption prediction method with application to the hot strip rolling mill process,2026,3,A5016153320,Kaixiang Peng,https://orcid.org/0000-0001-8314-3047,middle,I92403157,University of Science and Technology Beijing,education,https://ror.org/02egmk993,"[""Key Laboratory of Knowledge Automation for Industrial Processes of Ministry of Education, School of Automation and Electrical Engineering, University of Science and Technology Beijing, Beijing, 100083, PR China"", ""School of Automation and Electrical Engineering, University of Science and Technology Beijing, Beijing, 100083, PR China""]","[{""raw_affiliation_string"": ""Key Laboratory of Knowledge Automation for Industrial Processes of Ministry of Education, School of Automation and Electrical Engineering, University of Science and Technology Beijing, Beijing, 100083, PR China"", ""institution_ids"": [""https://openalex.org/I92403157""]}, {""raw_affiliation_string"": ""School of Automation and Electrical Engineering, University of Science and Technology Beijing, Beijing, 100083, PR China"", ""institution_ids"": [""https://openalex.org/I92403157""]}]","[""CN""]",CN,China,Beijing,CN-beijing,Beijing,39.9075,116.39723,institution_geo,https://api.openalex.org/institutions/I92403157,OpenAlex institution.geo.region,,,institution_city_point,False,True
W7206203312,10.1016/j.eswa.2026.134256,A hierarchical multi-task learning-based electrical energy consumption prediction method with application to the hot strip rolling mill process,2026,4,A5126450819,Yibin Rui,,last,I4210110794,Taiyuan Heavy Industry (China),company,https://ror.org/022vzex26,"[""Beijing Jianlong Heavy Industry Group Co. Ltd, Beijing, 100070, PR China""]","[{""raw_affiliation_string"": ""Beijing Jianlong Heavy Industry Group Co. Ltd, Beijing, 100070, PR China"", ""institution_ids"": [""https://openalex.org/I4210110794""]}]","[""CN""]",CN,China,Shanxi,CN-shanxi,Taiyuan,37.869869232177734,112.50411987304688,institution_geo,https://api.openalex.org/institutions/I4210110794,Natural Earth v5.1.2 point-in-polygon using institution city coordinates,https://raw.githubusercontent.com/nvkelso/natural-earth-vector/v5.1.2/geojson/ne_10m_admin_1_states_provinces.geojson,CN-SX,institution_city_point,False,True
W7127962472,10.1016/j.conengprac.2026.106819,A novel model predictive control law for over-actuated space cable-driven manipulators,2026,1,A5125111050,Wenlong Lin,,first,I157773358,Sun Yat-sen University,education,https://ror.org/0064kty71,"[""School of Intelligent System Engineering, Sun Yat-sen University, Shenzhen, 518055, China""]","[{""raw_affiliation_string"": ""School of Intelligent System Engineering, Sun Yat-sen University, Shenzhen, 518055, China"", ""institution_ids"": [""https://openalex.org/I157773358""]}]","[""CN""]",CN,China,Guangdong,CN-guangdong,Guangzhou,23.11667,113.25,institution_geo,https://api.openalex.org/institutions/I157773358,OpenAlex institution.geo.region,,,institution_city_point,False,True
W7127962472,10.1016/j.conengprac.2026.106819,A novel model predictive control law for over-actuated space cable-driven manipulators,2026,2,A5082668502,Wanquan Liu,https://orcid.org/0000-0003-4910-353X,middle,I157773358,Sun Yat-sen University,education,https://ror.org/0064kty71,"[""School of Intelligent System Engineering, Sun Yat-sen University, Shenzhen, 518055, China""]","[{""raw_affiliation_string"": ""School of Intelligent System Engineering, Sun Yat-sen University, Shenzhen, 518055, China"", ""institution_ids"": [""https://openalex.org/I157773358""]}]","[""CN""]",CN,China,Guangdong,CN-guangdong,Guangzhou,23.11667,113.25,institution_geo,https://api.openalex.org/institutions/I157773358,OpenAlex institution.geo.region,,,institution_city_point,False,True
W7127962472,10.1016/j.conengprac.2026.106819,A novel model predictive control law for over-actuated space cable-driven manipulators,2026,3,A5108959038,Xiangxiang Zou,https://orcid.org/0009-0008-3649-4336,middle,I204983213,Harbin Institute of Technology,education,https://ror.org/01yqg2h08,"[""School of Mechatronics Engineering, Harbin Institute of Technology, Harbin, 150001, China""]","[{""raw_affiliation_string"": ""School of Mechatronics Engineering, Harbin Institute of Technology, Harbin, 150001, China"", ""institution_ids"": [""https://openalex.org/I204983213""]}]","[""CN""]",CN,China,Heilongjiang,CN-heilongjiang,Harbin,45.75,126.6500015258789,institution_geo,https://api.openalex.org/institutions/I204983213,Natural Earth v5.1.2 point-in-polygon using institution city coordinates,https://raw.githubusercontent.com/nvkelso/natural-earth-vector/v5.1.2/geojson/ne_10m_admin_1_states_provinces.geojson,CN-HL,institution_city_point,False,True
W7127962472,10.1016/j.conengprac.2026.106819,A novel model predictive control law for over-actuated space cable-driven manipulators,2026,4,A5121269699,Deshan Meng,,middle,I157773358,Sun Yat-sen University,education,https://ror.org/0064kty71,"[""School of Aeronautics and Astronautics, Sun Yat-sen University, Shenzhen, 518055, China""]","[{""raw_affiliation_string"": ""School of Aeronautics and Astronautics, Sun Yat-sen University, Shenzhen, 518055, China"", ""institution_ids"": [""https://openalex.org/I157773358""]}]","[""CN""]",CN,China,Guangdong,CN-guangdong,Guangzhou,23.11667,113.25,institution_geo,https://api.openalex.org/institutions/I157773358,OpenAlex institution.geo.region,,,institution_city_point,False,True
W7127962472,10.1016/j.conengprac.2026.106819,A novel model predictive control law for over-actuated space cable-driven manipulators,2026,5,A5125242775,Hui-Jie Sun,,middle,I139660479,Central South University,education,https://ror.org/00f1zfq44,"[""School of Traffic and Transportation Engineering, Central South University, Changsha, 410075, China""]","[{""raw_affiliation_string"": ""School of Traffic and Transportation Engineering, Central South University, Changsha, 410075, China"", ""institution_ids"": [""https://openalex.org/I139660479""]}]","[""CN""]",CN,China,Hunan,CN-hunan,Changsha,28.19874,112.97087,institution_geo,https://api.openalex.org/institutions/I139660479,OpenAlex institution.geo.region,,,institution_city_point,False,True
W7127962472,10.1016/j.conengprac.2026.106819,A novel model predictive control law for over-actuated space cable-driven manipulators,2026,6,A5125124028,Ping Wang,,middle,I157773358,Sun Yat-sen University,education,https://ror.org/0064kty71,"[""School of Intelligent System Engineering, Sun Yat-sen University, Shenzhen, 518055, China""]","[{""raw_affiliation_string"": ""School of Intelligent System Engineering, Sun Yat-sen University, Shenzhen, 518055, China"", ""institution_ids"": [""https://openalex.org/I157773358""]}]","[""CN""]",CN,China,Guangdong,CN-guangdong,Guangzhou,23.11667,113.25,institution_geo,https://api.openalex.org/institutions/I157773358,OpenAlex institution.geo.region,,,institution_city_point,False,True
W7127962472,10.1016/j.conengprac.2026.106819,A novel model predictive control law for over-actuated space cable-driven manipulators,2026,7,A5080309684,Muhammad Imran,https://orcid.org/0000-0003-1001-9648,last,I929597975,National University of Sciences and Technology,education,https://ror.org/03w2j5y17,"[""National University of Sciences and Technology, Islamabad, 44000, Pakistan""]","[{""raw_affiliation_string"": ""National University of Sciences and Technology, Islamabad, 44000, Pakistan"", ""institution_ids"": [""https://openalex.org/I929597975""]}]","[""PK""]",PK,Pakistan,Islamabad,PK-islamabad,Islamabad,33.72148,73.04329,institution_geo,https://api.openalex.org/institutions/I929597975,OpenAlex institution.geo.region,,,institution_city_point,False,True
W7130653856,10.1016/j.epsr.2026.112878,A novel multi-task learning-based electrical energy consumption prediction method with application to a hot strip rolling mill process,2026,1,A5146613034,Kai Zhang,https://orcid.org/0009-0009-4472-1831,first,I92403157,University of Science and Technology Beijing,education,https://ror.org/02egmk993,"[""Key Laboratory of Knowledge Automation for Industrial Processes of Ministry of Education, School of Automation and Electrical Engineering, University of Science and Technology Beijing, Beijing, 100083, PR China"", ""School of Automation and Electrical Engineering, University of Science and Technology Beijing, Beijing, 100083, PR China""]","[{""raw_affiliation_string"": ""Key Laboratory of Knowledge Automation for Industrial Processes of Ministry of Education, School of Automation and Electrical Engineering, University of Science and Technology Beijing, Beijing, 100083, PR China"", ""institution_ids"": [""https://openalex.org/I92403157""]}, {""raw_affiliation_string"": ""School of Automation and Electrical Engineering, University of Science and Technology Beijing, Beijing, 100083, PR China"", ""institution_ids"": [""https://openalex.org/I92403157""]}]","[""CN""]",CN,China,Beijing,CN-beijing,Beijing,39.9075,116.39723,institution_geo,https://api.openalex.org/institutions/I92403157,OpenAlex institution.geo.region,,,institution_city_point,False,True
W7130653856,10.1016/j.epsr.2026.112878,A novel multi-task learning-based electrical energy consumption prediction method with application to a hot strip rolling mill process,2026,2,A5126515100,Zongxu Cao,,middle,I92403157,University of Science and Technology Beijing,education,https://ror.org/02egmk993,"[""School of Automation and Electrical Engineering, University of Science and Technology Beijing, Beijing, 100083, PR China""]","[{""raw_affiliation_string"": ""School of Automation and Electrical Engineering, University of Science and Technology Beijing, Beijing, 100083, PR China"", ""institution_ids"": [""https://openalex.org/I92403157""]}]","[""CN""]",CN,China,Beijing,CN-beijing,Beijing,39.9075,116.39723,institution_geo,https://api.openalex.org/institutions/I92403157,OpenAlex institution.geo.region,,,institution_city_point,False,True
W7130653856,10.1016/j.epsr.2026.112878,A novel multi-task learning-based electrical energy consumption prediction method with application to a hot strip rolling mill process,2026,3,A5146856821,Yali Wang,https://orcid.org/0009-0009-5418-999X,middle,I92403157,University of Science and Technology Beijing,education,https://ror.org/02egmk993,"[""School of Automation and Electrical Engineering, University of Science and Technology Beijing, Beijing, 100083, PR China""]","[{""raw_affiliation_string"": ""School of Automation and Electrical Engineering, University of Science and Technology Beijing, Beijing, 100083, PR China"", ""institution_ids"": [""https://openalex.org/I92403157""]}]","[""CN""]",CN,China,Beijing,CN-beijing,Beijing,39.9075,116.39723,institution_geo,https://api.openalex.org/institutions/I92403157,OpenAlex institution.geo.region,,,institution_city_point,False,True
W7130653856,10.1016/j.epsr.2026.112878,A novel multi-task learning-based electrical energy consumption prediction method with application to a hot strip rolling mill process,2026,4,A5126450819,Yibin Rui,,last,I4210110794,Taiyuan Heavy Industry (China),company,https://ror.org/022vzex26,"[""Beijing Jianlong Heavy Industry Group Co. Ltd, Beijing, 100070, PR China""]","[{""raw_affiliation_string"": ""Beijing Jianlong Heavy Industry Group Co. Ltd, Beijing, 100070, PR China"", ""institution_ids"": [""https://openalex.org/I4210110794""]}]","[""CN""]",CN,China,Shanxi,CN-shanxi,Taiyuan,37.869869232177734,112.50411987304688,institution_geo,https://api.openalex.org/institutions/I4210110794,Natural Earth v5.1.2 point-in-polygon using institution city coordinates,https://raw.githubusercontent.com/nvkelso/natural-earth-vector/v5.1.2/geojson/ne_10m_admin_1_states_provinces.geojson,CN-SX,institution_city_point,False,True
W7162212290,10.1080/21642583.2026.2671530,Adaptive dynamic programming for controlling constrained nonlinear systems: a survey and recent advances,2026,1,A5136837028,Bo Zhao,,first,I25254941,Beijing Normal University,education,https://ror.org/022k4wk35,"[""School of Systems Science, Beijing Normal University""]","[{""raw_affiliation_string"": ""School of Systems Science, Beijing Normal University"", ""institution_ids"": [""https://openalex.org/I25254941""]}]","[""CN""]",CN,China,Beijing,CN-beijing,Beijing,39.9075,116.39723,institution_geo,https://api.openalex.org/institutions/I25254941,OpenAlex institution.geo.region,,,institution_city_point,False,True
W7162212290,10.1080/21642583.2026.2671530,Adaptive dynamic programming for controlling constrained nonlinear systems: a survey and recent advances,2026,2,A5050013410,Mingduo Lin,https://orcid.org/0000-0002-7456-2183,middle,I3045169105,Southern University of Science and Technology,education,https://ror.org/049tv2d57,"[""School of Automation and Intelligent Manufacturing, Southern University of Science and Technology""]","[{""raw_affiliation_string"": ""School of Automation and Intelligent Manufacturing, Southern University of Science and Technology"", ""institution_ids"": [""https://openalex.org/I3045169105""]}]","[""CN""]",CN,China,Guangdong,CN-guangdong,Shenzhen,22.54554,114.0683,institution_geo,https://api.openalex.org/institutions/I3045169105,OpenAlex institution.geo.region,,,institution_city_point,False,True
W7162212290,10.1080/21642583.2026.2671530,Adaptive dynamic programming for controlling constrained nonlinear systems: a survey and recent advances,2026,3,A5004831345,Guoling Yuan,,last,I25254941,Beijing Normal University,education,https://ror.org/022k4wk35,"[""School of Systems Science, Beijing Normal University""]","[{""raw_affiliation_string"": ""School of Systems Science, Beijing Normal University"", ""institution_ids"": [""https://openalex.org/I25254941""]}]","[""CN""]",CN,China,Beijing,CN-beijing,Beijing,39.9075,116.39723,institution_geo,https://api.openalex.org/institutions/I25254941,OpenAlex institution.geo.region,,,institution_city_point,False,True
W7131618216,10.1109/tsg.2026.3668484,An End-to-End Learning Model With Quantization Technology for Dynamic Prediction-Decision Joint-Making in Active Distribution Networks,2026,1,A5077115563,Fenglin Cai,https://orcid.org/0000-0003-1853-3107,first,I16365422,Hefei University of Technology,education,https://ror.org/02czkny70,"[""Hefei University of Technology""]","[{""raw_affiliation_string"": ""Hefei University of Technology"", ""institution_ids"": [""https://openalex.org/I16365422""]}]","[""CN""]",CN,China,Anhui,CN-anhui,Hefei,31.863889694213867,117.28083038330078,institution_geo,https://api.openalex.org/institutions/I16365422,Natural Earth v5.1.2 point-in-polygon using institution city coordinates,https://raw.githubusercontent.com/nvkelso/natural-earth-vector/v5.1.2/geojson/ne_10m_admin_1_states_provinces.geojson,CN-AH,institution_city_point,False,True
W7131618216,10.1109/tsg.2026.3668484,An End-to-End Learning Model With Quantization Technology for Dynamic Prediction-Decision Joint-Making in Active Distribution Networks,2026,2,A5032434062,Zhiming Dong,https://orcid.org/0000-0002-1021-506X,middle,I168337820,Chongqing University of Science and Technology,education,https://ror.org/03n3v6d52,"[""Chongqing University of Science and Technology""]","[{""raw_affiliation_string"": ""Chongqing University of Science and Technology"", ""institution_ids"": [""https://openalex.org/I168337820""]}]","[""CN""]",CN,China,Chongqing,CN-chongqing,Chongqing,29.56026,106.55771,institution_geo,https://api.openalex.org/institutions/I168337820,OpenAlex institution.geo.region,,,institution_city_point,False,True
W7131618216,10.1109/tsg.2026.3668484,An End-to-End Learning Model With Quantization Technology for Dynamic Prediction-Decision Joint-Making in Active Distribution Networks,2026,3,A5126855842,Xiaodong Yang,,middle,I16365422,Hefei University of Technology,education,https://ror.org/02czkny70,"[""Hefei University of Technology""]","[{""raw_affiliation_string"": ""Hefei University of Technology"", ""institution_ids"": [""https://openalex.org/I16365422""]}]","[""CN""]",CN,China,Anhui,CN-anhui,Hefei,31.863889694213867,117.28083038330078,institution_geo,https://api.openalex.org/institutions/I16365422,Natural Earth v5.1.2 point-in-polygon using institution city coordinates,https://raw.githubusercontent.com/nvkelso/natural-earth-vector/v5.1.2/geojson/ne_10m_admin_1_states_provinces.geojson,CN-AH,institution_city_point,False,True
W7131618216,10.1109/tsg.2026.3668484,An End-to-End Learning Model With Quantization Technology for Dynamic Prediction-Decision Joint-Making in Active Distribution Networks,2026,4,A5126933755,Jie Li,,middle,I168337820,Chongqing University of Science and Technology,education,https://ror.org/03n3v6d52,"[""Chongqing University of Science and Technology""]","[{""raw_affiliation_string"": ""Chongqing University of Science and Technology"", ""institution_ids"": [""https://openalex.org/I168337820""]}]","[""CN""]",CN,China,Chongqing,CN-chongqing,Chongqing,29.56026,106.55771,institution_geo,https://api.openalex.org/institutions/I168337820,OpenAlex institution.geo.region,,,institution_city_point,False,True
W7131618216,10.1109/tsg.2026.3668484,An End-to-End Learning Model With Quantization Technology for Dynamic Prediction-Decision Joint-Making in Active Distribution Networks,2026,5,A5101084595,Zhixiang Hao,https://orcid.org/0009-0006-5275-0518,middle,I16365422,Hefei University of Technology,education,https://ror.org/02czkny70,"[""Hefei University of Technology""]","[{""raw_affiliation_string"": ""Hefei University of Technology"", ""institution_ids"": [""https://openalex.org/I16365422""]}]","[""CN""]",CN,China,Anhui,CN-anhui,Hefei,31.863889694213867,117.28083038330078,institution_geo,https://api.openalex.org/institutions/I16365422,Natural Earth v5.1.2 point-in-polygon using institution city coordinates,https://raw.githubusercontent.com/nvkelso/natural-earth-vector/v5.1.2/geojson/ne_10m_admin_1_states_provinces.geojson,CN-AH,institution_city_point,False,True
W7131618216,10.1109/tsg.2026.3668484,An End-to-End Learning Model With Quantization Technology for Dynamic Prediction-Decision Joint-Making in Active Distribution Networks,2026,6,A5121537858,Yaoyao He,,middle,I16365422,Hefei University of Technology,education,https://ror.org/02czkny70,"[""Hefei University of Technology""]","[{""raw_affiliation_string"": ""Hefei University of Technology"", ""institution_ids"": [""https://openalex.org/I16365422""]}]","[""CN""]",CN,China,Anhui,CN-anhui,Hefei,31.863889694213867,117.28083038330078,institution_geo,https://api.openalex.org/institutions/I16365422,Natural Earth v5.1.2 point-in-polygon using institution city coordinates,https://raw.githubusercontent.com/nvkelso/natural-earth-vector/v5.1.2/geojson/ne_10m_admin_1_states_provinces.geojson,CN-AH,institution_city_point,False,True
W7131618216,10.1109/tsg.2026.3668484,An End-to-End Learning Model With Quantization Technology for Dynamic Prediction-Decision Joint-Making in Active Distribution Networks,2026,7,A5121092712,Helong Li,,last,I16365422,Hefei University of Technology,education,https://ror.org/02czkny70,"[""Hefei University of Technology""]","[{""raw_affiliation_string"": ""Hefei University of Technology"", ""institution_ids"": [""https://openalex.org/I16365422""]}]","[""CN""]",CN,China,Anhui,CN-anhui,Hefei,31.863889694213867,117.28083038330078,institution_geo,https://api.openalex.org/institutions/I16365422,Natural Earth v5.1.2 point-in-polygon using institution city coordinates,https://raw.githubusercontent.com/nvkelso/natural-earth-vector/v5.1.2/geojson/ne_10m_admin_1_states_provinces.geojson,CN-AH,institution_city_point,False,True
W7164004175,10.1109/tsmc.2026.3699694,"Artificial Intelligence-Empowered Trajectory Tracking Control for Autonomous Vehicles: A Survey on Applications, Frameworks, and Future Trends",2026,1,A5101788633,Xu Huang,https://orcid.org/0000-0002-7310-5677,first,I99065089,Tsinghua University,education,https://ror.org/03cve4549,"[""Tsinghua University""]","[{""raw_affiliation_string"": ""Tsinghua University"", ""institution_ids"": [""https://openalex.org/I99065089""]}]","[""CN""]",CN,China,Beijing,CN-beijing,Beijing,39.9075,116.39723,institution_geo,https://api.openalex.org/institutions/I99065089,OpenAlex institution.geo.region,,,institution_city_point,False,True
W7164004175,10.1109/tsmc.2026.3699694,"Artificial Intelligence-Empowered Trajectory Tracking Control for Autonomous Vehicles: A Survey on Applications, Frameworks, and Future Trends",2026,2,A5011184498,Shaobing Xu,https://orcid.org/0000-0002-4127-2411,middle,I99065089,Tsinghua University,education,https://ror.org/03cve4549,"[""Tsinghua University""]","[{""raw_affiliation_string"": ""Tsinghua University"", ""institution_ids"": [""https://openalex.org/I99065089""]}]","[""CN""]",CN,China,Beijing,CN-beijing,Beijing,39.9075,116.39723,institution_geo,https://api.openalex.org/institutions/I99065089,OpenAlex institution.geo.region,,,institution_city_point,False,True
W7164004175,10.1109/tsmc.2026.3699694,"Artificial Intelligence-Empowered Trajectory Tracking Control for Autonomous Vehicles: A Survey on Applications, Frameworks, and Future Trends",2026,3,A5113289279,Yueming Cao,,middle,I99065089,Tsinghua University,education,https://ror.org/03cve4549,"[""Tsinghua University""]","[{""raw_affiliation_string"": ""Tsinghua University"", ""institution_ids"": [""https://openalex.org/I99065089""]}]","[""CN""]",CN,China,Beijing,CN-beijing,Beijing,39.9075,116.39723,institution_geo,https://api.openalex.org/institutions/I99065089,OpenAlex institution.geo.region,,,institution_city_point,False,True
W7164004175,10.1109/tsmc.2026.3699694,"Artificial Intelligence-Empowered Trajectory Tracking Control for Autonomous Vehicles: A Survey on Applications, Frameworks, and Future Trends",2026,4,A5085738753,Shangyi Li,https://orcid.org/0000-0002-4030-7280,middle,I99065089,Tsinghua University,education,https://ror.org/03cve4549,"[""Tsinghua University""]","[{""raw_affiliation_string"": ""Tsinghua University"", ""institution_ids"": [""https://openalex.org/I99065089""]}]","[""CN""]",CN,China,Beijing,CN-beijing,Beijing,39.9075,116.39723,institution_geo,https://api.openalex.org/institutions/I99065089,OpenAlex institution.geo.region,,,institution_city_point,False,True
W7164004175,10.1109/tsmc.2026.3699694,"Artificial Intelligence-Empowered Trajectory Tracking Control for Autonomous Vehicles: A Survey on Applications, Frameworks, and Future Trends",2026,5,A5100436368,Jianqiang Wang,https://orcid.org/0000-0003-4363-6108,middle,I99065089,Tsinghua University,education,https://ror.org/03cve4549,"[""Tsinghua University""]","[{""raw_affiliation_string"": ""Tsinghua University"", ""institution_ids"": [""https://openalex.org/I99065089""]}]","[""CN""]",CN,China,Beijing,CN-beijing,Beijing,39.9075,116.39723,institution_geo,https://api.openalex.org/institutions/I99065089,OpenAlex institution.geo.region,,,institution_city_point,False,True
W7164004175,10.1109/tsmc.2026.3699694,"Artificial Intelligence-Empowered Trajectory Tracking Control for Autonomous Vehicles: A Survey on Applications, Frameworks, and Future Trends",2026,6,A5031855986,Keqiang Li,https://orcid.org/0000-0002-9333-7416,last,I99065089,Tsinghua University,education,https://ror.org/03cve4549,"[""Tsinghua University""]","[{""raw_affiliation_string"": ""Tsinghua University"", ""institution_ids"": [""https://openalex.org/I99065089""]}]","[""CN""]",CN,China,Beijing,CN-beijing,Beijing,39.9075,116.39723,institution_geo,https://api.openalex.org/institutions/I99065089,OpenAlex institution.geo.region,,,institution_city_point,False,True
W7164987453,10.1063/5.0337442,Coordinated optimal scheduling of island micro water–energy nexus considering multi-source uncertainty and extreme risks,2026,1,A5121036687,Yudan Hou,,first,I183067930,Shanghai Jiao Tong University,education,https://ror.org/0220qvk04,"[""School of Electrical Engineering, Shanghai Jiao Tong University 1 , Shanghai 200240,""]","[{""raw_affiliation_string"": ""School of Electrical Engineering, Shanghai Jiao Tong University 1 , Shanghai 200240,"", ""institution_ids"": [""https://openalex.org/I183067930""]}]","[""CN""]",CN,China,Shanghai,CN-shanghai,Shanghai,31.22222,121.45806,institution_geo,https://api.openalex.org/institutions/I183067930,OpenAlex institution.geo.region,,,institution_city_point,False,True
W7164987453,10.1063/5.0337442,Coordinated optimal scheduling of island micro water–energy nexus considering multi-source uncertainty and extreme risks,2026,2,A5138795867,Alexis Pengfei Zhao,,middle,I4210095188,Environmental and Water Resources Engineering,other,https://ror.org/00mn2bk17,"[""Department of Energy Science and Engineering, Stanford University 2 , Stanford, California 94305,""]","[{""raw_affiliation_string"": ""Department of Energy Science and Engineering, Stanford University 2 , Stanford, California 94305,"", ""institution_ids"": [""https://openalex.org/I4210095188"", ""https://openalex.org/I97018004""]}]","[""IL"", ""US""]",IL,Israel,Haifa,IL-haifa,Haifa,32.81303,34.99928,institution_geo,https://api.openalex.org/institutions/I4210095188,OpenAlex institution.geo.region,,,institution_city_point,False,True
W7164987453,10.1063/5.0337442,Coordinated optimal scheduling of island micro water–energy nexus considering multi-source uncertainty and extreme risks,2026,2,A5138795867,Alexis Pengfei Zhao,,middle,I97018004,Stanford University,education,https://ror.org/00f54p054,"[""Department of Energy Science and Engineering, Stanford University 2 , Stanford, California 94305,""]","[{""raw_affiliation_string"": ""Department of Energy Science and Engineering, Stanford University 2 , Stanford, California 94305,"", ""institution_ids"": [""https://openalex.org/I4210095188"", ""https://openalex.org/I97018004""]}]","[""IL"", ""US""]",US,United States,California,US-california,Stanford,37.42411,-122.16608,institution_geo,https://api.openalex.org/institutions/I97018004,OpenAlex institution.geo.region,,,institution_city_point,False,True
W7164987453,10.1063/5.0337442,Coordinated optimal scheduling of island micro water–energy nexus considering multi-source uncertainty and extreme risks,2026,3,A5040917593,Xianlong Li,,middle,I183067930,Shanghai Jiao Tong University,education,https://ror.org/0220qvk04,"[""School of Electrical Engineering, Shanghai Jiao Tong University 1 , Shanghai 200240,""]","[{""raw_affiliation_string"": ""School of Electrical Engineering, Shanghai Jiao Tong University 1 , Shanghai 200240,"", ""institution_ids"": [""https://openalex.org/I183067930""]}]","[""CN""]",CN,China,Shanghai,CN-shanghai,Shanghai,31.22222,121.45806,institution_geo,https://api.openalex.org/institutions/I183067930,OpenAlex institution.geo.region,,,institution_city_point,False,True
W7164987453,10.1063/5.0337442,Coordinated optimal scheduling of island micro water–energy nexus considering multi-source uncertainty and extreme risks,2026,4,A5121046029,Longsheng Wang,,middle,I183067930,Shanghai Jiao Tong University,education,https://ror.org/0220qvk04,"[""School of Electrical Engineering, Shanghai Jiao Tong University 1 , Shanghai 200240,""]","[{""raw_affiliation_string"": ""School of Electrical Engineering, Shanghai Jiao Tong University 1 , Shanghai 200240,"", ""institution_ids"": [""https://openalex.org/I183067930""]}]","[""CN""]",CN,China,Shanghai,CN-shanghai,Shanghai,31.22222,121.45806,institution_geo,https://api.openalex.org/institutions/I183067930,OpenAlex institution.geo.region,,,institution_city_point,False,True
W7164987453,10.1063/5.0337442,Coordinated optimal scheduling of island micro water–energy nexus considering multi-source uncertainty and extreme risks,2026,5,A5100651227,Da Xie,https://orcid.org/0000-0003-2744-3349,last,I183067930,Shanghai Jiao Tong University,education,https://ror.org/0220qvk04,"[""School of Electrical Engineering, Shanghai Jiao Tong University 1 , Shanghai 200240,""]","[{""raw_affiliation_string"": ""School of Electrical Engineering, Shanghai Jiao Tong University 1 , Shanghai 200240,"", ""institution_ids"": [""https://openalex.org/I183067930""]}]","[""CN""]",CN,China,Shanghai,CN-shanghai,Shanghai,31.22222,121.45806,institution_geo,https://api.openalex.org/institutions/I183067930,OpenAlex institution.geo.region,,,institution_city_point,False,True
W7197003632,10.2139/ssrn.7185818,Decision-Oriented Machine Learning for Renewable-Dominated Power System Planning Under Uncertainty: A Review,2026,1,A5144362135,Ishmael Fynn Cudjoe,,first,I27031042,University of Mines and Technology,education,https://ror.org/00br9cf93,"[""University of Mines and Technology, UMaT, Tarkwa, Ghana, P. O. Box 237, Tarkwa, Ghana, Tarkwa, Western 000233, Ghana""]","[{""raw_affiliation_string"": ""University of Mines and Technology, UMaT, Tarkwa, Ghana, P. O. Box 237, Tarkwa, Ghana, Tarkwa, Western 000233, Ghana"", ""institution_ids"": [""https://openalex.org/I27031042""]}]","[""GH""]",GH,Ghana,Western,GH-western,Tarkwa,5.303830146789551,-1.9895600080490112,institution_geo,https://api.openalex.org/institutions/I27031042,Natural Earth v5.1.2 point-in-polygon using institution city coordinates,https://raw.githubusercontent.com/nvkelso/natural-earth-vector/v5.1.2/geojson/ne_10m_admin_1_states_provinces.geojson,GH-WP,institution_city_point,False,True
W7165128626,10.1061/jitse4.iseng-2916,Deep Learning for Operation and Maintenance of Urban Lifeline Systems: A Comprehensive Review,2026,1,A5051747562,Xianfei Yin,https://orcid.org/0000-0001-8270-8632,first,I168719708,City University of Hong Kong,education,https://ror.org/03q8dnn23,"[""City Univ. of Hong Kong""]","[{""raw_affiliation_string"": ""City Univ. of Hong Kong"", ""institution_ids"": [""https://openalex.org/I168719708""]}]","[""HK""]",HK,Hong Kong,Hong Kong S.A.R.,HK-hong-kong-s-a-r,Hong Kong,22.27832,114.17469,institution_geo,https://api.openalex.org/institutions/I168719708,Natural Earth v5.1.2 point-in-polygon using institution city coordinates,https://raw.githubusercontent.com/nvkelso/natural-earth-vector/v5.1.2/geojson/ne_10m_admin_1_states_provinces.geojson,HK-X02~,institution_city_point,False,True
W7165128626,10.1061/jitse4.iseng-2916,Deep Learning for Operation and Maintenance of Urban Lifeline Systems: A Comprehensive Review,2026,2,A5138845963,Junxiang Zhao,,middle,I168719708,City University of Hong Kong,education,https://ror.org/03q8dnn23,"[""City Univ. of Hong Kong""]","[{""raw_affiliation_string"": ""City Univ. of Hong Kong"", ""institution_ids"": [""https://openalex.org/I168719708""]}]","[""HK""]",HK,Hong Kong,Hong Kong S.A.R.,HK-hong-kong-s-a-r,Hong Kong,22.27832,114.17469,institution_geo,https://api.openalex.org/institutions/I168719708,Natural Earth v5.1.2 point-in-polygon using institution city coordinates,https://raw.githubusercontent.com/nvkelso/natural-earth-vector/v5.1.2/geojson/ne_10m_admin_1_states_provinces.geojson,HK-X02~,institution_city_point,False,True
W7165128626,10.1061/jitse4.iseng-2916,Deep Learning for Operation and Maintenance of Urban Lifeline Systems: A Comprehensive Review,2026,3,A5014335210,Ruiyan Zheng,https://orcid.org/0009-0009-8421-0614,last,I168719708,City University of Hong Kong,education,https://ror.org/03q8dnn23,"[""City Univ. of Hong Kong""]","[{""raw_affiliation_string"": ""City Univ. of Hong Kong"", ""institution_ids"": [""https://openalex.org/I168719708""]}]","[""HK""]",HK,Hong Kong,Hong Kong S.A.R.,HK-hong-kong-s-a-r,Hong Kong,22.27832,114.17469,institution_geo,https://api.openalex.org/institutions/I168719708,Natural Earth v5.1.2 point-in-polygon using institution city coordinates,https://raw.githubusercontent.com/nvkelso/natural-earth-vector/v5.1.2/geojson/ne_10m_admin_1_states_provinces.geojson,HK-X02~,institution_city_point,False,True
W7172428666,10.1109/yac71005.2026.11615894,Discrete-time Optimal Formation Control of Unmanned Vehicles Based on Policy Gradient Adaptive Dynamic Programming,2026,1,A5144354872,Wangyu Cao,,first,I41198531,Nanjing University of Posts and Telecommunications,education,https://ror.org/043bpky34,"[""Nanjing University of Posts and Telecommunications""]","[{""raw_affiliation_string"": ""Nanjing University of Posts and Telecommunications"", ""institution_ids"": [""https://openalex.org/I41198531""]}]","[""CN""]",CN,China,Jiangsu,CN-jiangsu,Nanjing,32.06167,118.77778,institution_geo,https://api.openalex.org/institutions/I41198531,OpenAlex institution.geo.region,,,institution_city_point,False,True
W7172428666,10.1109/yac71005.2026.11615894,Discrete-time Optimal Formation Control of Unmanned Vehicles Based on Policy Gradient Adaptive Dynamic Programming,2026,2,A5144324961,Zhe Zhou,,middle,I41198531,Nanjing University of Posts and Telecommunications,education,https://ror.org/043bpky34,"[""Nanjing University of Posts and Telecommunications""]","[{""raw_affiliation_string"": ""Nanjing University of Posts and Telecommunications"", ""institution_ids"": [""https://openalex.org/I41198531""]}]","[""CN""]",CN,China,Jiangsu,CN-jiangsu,Nanjing,32.06167,118.77778,institution_geo,https://api.openalex.org/institutions/I41198531,OpenAlex institution.geo.region,,,institution_city_point,False,True
W7172428666,10.1109/yac71005.2026.11615894,Discrete-time Optimal Formation Control of Unmanned Vehicles Based on Policy Gradient Adaptive Dynamic Programming,2026,3,A5144372884,Yuxuan Wu,,middle,I41198531,Nanjing University of Posts and Telecommunications,education,https://ror.org/043bpky34,"[""Nanjing University of Posts and Telecommunications""]","[{""raw_affiliation_string"": ""Nanjing University of Posts and Telecommunications"", ""institution_ids"": [""https://openalex.org/I41198531""]}]","[""CN""]",CN,China,Jiangsu,CN-jiangsu,Nanjing,32.06167,118.77778,institution_geo,https://api.openalex.org/institutions/I41198531,OpenAlex institution.geo.region,,,institution_city_point,False,True
W7172428666,10.1109/yac71005.2026.11615894,Discrete-time Optimal Formation Control of Unmanned Vehicles Based on Policy Gradient Adaptive Dynamic Programming,2026,4,A5103994771,Zhuoyan Ji,,middle,I41198531,Nanjing University of Posts and Telecommunications,education,https://ror.org/043bpky34,"[""Nanjing University of Posts and Telecommunications""]","[{""raw_affiliation_string"": ""Nanjing University of Posts and Telecommunications"", ""institution_ids"": [""https://openalex.org/I41198531""]}]","[""CN""]",CN,China,Jiangsu,CN-jiangsu,Nanjing,32.06167,118.77778,institution_geo,https://api.openalex.org/institutions/I41198531,OpenAlex institution.geo.region,,,institution_city_point,False,True
W7172428666,10.1109/yac71005.2026.11615894,Discrete-time Optimal Formation Control of Unmanned Vehicles Based on Policy Gradient Adaptive Dynamic Programming,2026,5,A5144376175,Zhengtao Ye,,middle,I41198531,Nanjing University of Posts and Telecommunications,education,https://ror.org/043bpky34,"[""Nanjing University of Posts and Telecommunications""]","[{""raw_affiliation_string"": ""Nanjing University of Posts and Telecommunications"", ""institution_ids"": [""https://openalex.org/I41198531""]}]","[""CN""]",CN,China,Jiangsu,CN-jiangsu,Nanjing,32.06167,118.77778,institution_geo,https://api.openalex.org/institutions/I41198531,OpenAlex institution.geo.region,,,institution_city_point,False,True
W7172428666,10.1109/yac71005.2026.11615894,Discrete-time Optimal Formation Control of Unmanned Vehicles Based on Policy Gradient Adaptive Dynamic Programming,2026,6,A5144358650,Shixun Xiong,,last,I41198531,Nanjing University of Posts and Telecommunications,education,https://ror.org/043bpky34,"[""Nanjing University of Posts and Telecommunications""]","[{""raw_affiliation_string"": ""Nanjing University of Posts and Telecommunications"", ""institution_ids"": [""https://openalex.org/I41198531""]}]","[""CN""]",CN,China,Jiangsu,CN-jiangsu,Nanjing,32.06167,118.77778,institution_geo,https://api.openalex.org/institutions/I41198531,OpenAlex institution.geo.region,,,institution_city_point,False,True
W7154605970,10.1016/j.egyr.2026.109331,Economic dispatch method for islanded microgrids based on BO-DW-TD3,2026,1,A5133747405,Long Cheng,,first,I16609230,Hunan University,education,https://ror.org/05htk5m33,"[""College of Information and Intelligence, Hunan Agricultural University, Changsha,Hunan 410128, China""]","[{""raw_affiliation_string"": ""College of Information and Intelligence, Hunan Agricultural University, Changsha,Hunan 410128, China"", ""institution_ids"": [""https://openalex.org/I16609230"", ""https://openalex.org/I52180223""]}]","[""CN""]",CN,China,Hunan,CN-hunan,Changsha,28.19874,112.97087,institution_geo,https://api.openalex.org/institutions/I16609230,OpenAlex institution.geo.region,,,institution_city_point,False,True
W7154605970,10.1016/j.egyr.2026.109331,Economic dispatch method for islanded microgrids based on BO-DW-TD3,2026,1,A5133747405,Long Cheng,,first,I52180223,Hunan Agricultural University,education,https://ror.org/01dzed356,"[""College of Information and Intelligence, Hunan Agricultural University, Changsha,Hunan 410128, China""]","[{""raw_affiliation_string"": ""College of Information and Intelligence, Hunan Agricultural University, Changsha,Hunan 410128, China"", ""institution_ids"": [""https://openalex.org/I16609230"", ""https://openalex.org/I52180223""]}]","[""CN""]",CN,China,Hunan,CN-hunan,Changsha,28.19874,112.97087,institution_geo,https://api.openalex.org/institutions/I52180223,OpenAlex institution.geo.region,,,institution_city_point,False,True
W7154605970,10.1016/j.egyr.2026.109331,Economic dispatch method for islanded microgrids based on BO-DW-TD3,2026,2,A5058517031,B Zhang,,middle,I16609230,Hunan University,education,https://ror.org/05htk5m33,"[""College of Information and Intelligence, Hunan Agricultural University, Changsha,Hunan 410128, China""]","[{""raw_affiliation_string"": ""College of Information and Intelligence, Hunan Agricultural University, Changsha,Hunan 410128, China"", ""institution_ids"": [""https://openalex.org/I16609230"", ""https://openalex.org/I52180223""]}]","[""CN""]",CN,China,Hunan,CN-hunan,Changsha,28.19874,112.97087,institution_geo,https://api.openalex.org/institutions/I16609230,OpenAlex institution.geo.region,,,institution_city_point,False,True
W7154605970,10.1016/j.egyr.2026.109331,Economic dispatch method for islanded microgrids based on BO-DW-TD3,2026,2,A5058517031,B Zhang,,middle,I52180223,Hunan Agricultural University,education,https://ror.org/01dzed356,"[""College of Information and Intelligence, Hunan Agricultural University, Changsha,Hunan 410128, China""]","[{""raw_affiliation_string"": ""College of Information and Intelligence, Hunan Agricultural University, Changsha,Hunan 410128, China"", ""institution_ids"": [""https://openalex.org/I16609230"", ""https://openalex.org/I52180223""]}]","[""CN""]",CN,China,Hunan,CN-hunan,Changsha,28.19874,112.97087,institution_geo,https://api.openalex.org/institutions/I52180223,OpenAlex institution.geo.region,,,institution_city_point,False,True
W7154605970,10.1016/j.egyr.2026.109331,Economic dispatch method for islanded microgrids based on BO-DW-TD3,2026,3,A5121518338,Jun Yang,,middle,I16609230,Hunan University,education,https://ror.org/05htk5m33,"[""College of Information and Intelligence, Hunan Agricultural University, Changsha,Hunan 410128, China""]","[{""raw_affiliation_string"": ""College of Information and Intelligence, Hunan Agricultural University, Changsha,Hunan 410128, China"", ""institution_ids"": [""https://openalex.org/I16609230"", ""https://openalex.org/I52180223""]}]","[""CN""]",CN,China,Hunan,CN-hunan,Changsha,28.19874,112.97087,institution_geo,https://api.openalex.org/institutions/I16609230,OpenAlex institution.geo.region,,,institution_city_point,False,True
W7154605970,10.1016/j.egyr.2026.109331,Economic dispatch method for islanded microgrids based on BO-DW-TD3,2026,3,A5121518338,Jun Yang,,middle,I52180223,Hunan Agricultural University,education,https://ror.org/01dzed356,"[""College of Information and Intelligence, Hunan Agricultural University, Changsha,Hunan 410128, China""]","[{""raw_affiliation_string"": ""College of Information and Intelligence, Hunan Agricultural University, Changsha,Hunan 410128, China"", ""institution_ids"": [""https://openalex.org/I16609230"", ""https://openalex.org/I52180223""]}]","[""CN""]",CN,China,Hunan,CN-hunan,Changsha,28.19874,112.97087,institution_geo,https://api.openalex.org/institutions/I52180223,OpenAlex institution.geo.region,,,institution_city_point,False,True
W7154605970,10.1016/j.egyr.2026.109331,Economic dispatch method for islanded microgrids based on BO-DW-TD3,2026,4,A5133767815,Bo Liu,,last,I16609230,Hunan University,education,https://ror.org/05htk5m33,"[""College of Information and Intelligence, Hunan Agricultural University, Changsha,Hunan 410128, China""]","[{""raw_affiliation_string"": ""College of Information and Intelligence, Hunan Agricultural University, Changsha,Hunan 410128, China"", ""institution_ids"": [""https://openalex.org/I16609230"", ""https://openalex.org/I52180223""]}]","[""CN""]",CN,China,Hunan,CN-hunan,Changsha,28.19874,112.97087,institution_geo,https://api.openalex.org/institutions/I16609230,OpenAlex institution.geo.region,,,institution_city_point,False,True
W7154605970,10.1016/j.egyr.2026.109331,Economic dispatch method for islanded microgrids based on BO-DW-TD3,2026,4,A5133767815,Bo Liu,,last,I52180223,Hunan Agricultural University,education,https://ror.org/01dzed356,"[""College of Information and Intelligence, Hunan Agricultural University, Changsha,Hunan 410128, China""]","[{""raw_affiliation_string"": ""College of Information and Intelligence, Hunan Agricultural University, Changsha,Hunan 410128, China"", ""institution_ids"": [""https://openalex.org/I16609230"", ""https://openalex.org/I52180223""]}]","[""CN""]",CN,China,Hunan,CN-hunan,Changsha,28.19874,112.97087,institution_geo,https://api.openalex.org/institutions/I52180223,OpenAlex institution.geo.region,,,institution_city_point,False,True
W7160960716,10.1016/j.eswa.2026.132810,Energy consumption prediction of hydraulic systems based on Archimedes Algorithm-Optimized Multi-Level information fusion,2026,1,A5122037420,Qing Pan,,first,I139660479,Central South University,education,https://ror.org/00f1zfq44,"[""College of Mechanical and Electrical Engineering, Central South University, Changsha 410083, China"", ""State Key Laboratory of Precision Manufacturing for Extreme Service Performance, Central South University, Changsha 410083, China""]","[{""raw_affiliation_string"": ""College of Mechanical and Electrical Engineering, Central South University, Changsha 410083, China"", ""institution_ids"": [""https://openalex.org/I139660479""]}, {""raw_affiliation_string"": ""State Key Laboratory of Precision Manufacturing for Extreme Service Performance, Central South University, Changsha 410083, China"", ""institution_ids"": [""https://openalex.org/I139660479""]}]","[""CN""]",CN,China,Hunan,CN-hunan,Changsha,28.19874,112.97087,institution_geo,https://api.openalex.org/institutions/I139660479,OpenAlex institution.geo.region,,,institution_city_point,False,True
W7160960716,10.1016/j.eswa.2026.132810,Energy consumption prediction of hydraulic systems based on Archimedes Algorithm-Optimized Multi-Level information fusion,2026,2,A5100535777,Yifei Zhai,,middle,I139660479,Central South University,education,https://ror.org/00f1zfq44,"[""College of Mechanical and Electrical Engineering, Central South University, Changsha 410083, China"", ""State Key Laboratory of Precision Manufacturing for Extreme Service Performance, Central South University, Changsha 410083, China""]","[{""raw_affiliation_string"": ""College of Mechanical and Electrical Engineering, Central South University, Changsha 410083, China"", ""institution_ids"": [""https://openalex.org/I139660479""]}, {""raw_affiliation_string"": ""State Key Laboratory of Precision Manufacturing for Extreme Service Performance, Central South University, Changsha 410083, China"", ""institution_ids"": [""https://openalex.org/I139660479""]}]","[""CN""]",CN,China,Hunan,CN-hunan,Changsha,28.19874,112.97087,institution_geo,https://api.openalex.org/institutions/I139660479,OpenAlex institution.geo.region,,,institution_city_point,False,True
W7160960716,10.1016/j.eswa.2026.132810,Energy consumption prediction of hydraulic systems based on Archimedes Algorithm-Optimized Multi-Level information fusion,2026,3,A5135932481,Chenyang Wen,,middle,I139660479,Central South University,education,https://ror.org/00f1zfq44,"[""Light Alloy Research Institute, Central South University, Changsha 410012, China"", ""State Key Laboratory of Precision Manufacturing for Extreme Service Performance, Central South University, Changsha 410083, China""]","[{""raw_affiliation_string"": ""Light Alloy Research Institute, Central South University, Changsha 410012, China"", ""institution_ids"": [""https://openalex.org/I139660479""]}, {""raw_affiliation_string"": ""State Key Laboratory of Precision Manufacturing for Extreme Service Performance, Central South University, Changsha 410083, China"", ""institution_ids"": [""https://openalex.org/I139660479""]}]","[""CN""]",CN,China,Hunan,CN-hunan,Changsha,28.19874,112.97087,institution_geo,https://api.openalex.org/institutions/I139660479,OpenAlex institution.geo.region,,,institution_city_point,False,True
W7160960716,10.1016/j.eswa.2026.132810,Energy consumption prediction of hydraulic systems based on Archimedes Algorithm-Optimized Multi-Level information fusion,2026,4,A5135915092,Yuliang Wan,,middle,I139660479,Central South University,education,https://ror.org/00f1zfq44,"[""College of Mechanical and Electrical Engineering, Central South University, Changsha 410083, China"", ""State Key Laboratory of Precision Manufacturing for Extreme Service Performance, Central South University, Changsha 410083, China""]","[{""raw_affiliation_string"": ""College of Mechanical and Electrical Engineering, Central South University, Changsha 410083, China"", ""institution_ids"": [""https://openalex.org/I139660479""]}, {""raw_affiliation_string"": ""State Key Laboratory of Precision Manufacturing for Extreme Service Performance, Central South University, Changsha 410083, China"", ""institution_ids"": [""https://openalex.org/I139660479""]}]","[""CN""]",CN,China,Hunan,CN-hunan,Changsha,28.19874,112.97087,institution_geo,https://api.openalex.org/institutions/I139660479,OpenAlex institution.geo.region,,,institution_city_point,False,True
W7160960716,10.1016/j.eswa.2026.132810,Energy consumption prediction of hydraulic systems based on Archimedes Algorithm-Optimized Multi-Level information fusion,2026,5,A5135960441,Yibo Li,https://orcid.org/0000-0002-2408-9148,middle,I139660479,Central South University,education,https://ror.org/00f1zfq44,"[""Light Alloy Research Institute, Central South University, Changsha 410012, China"", ""State Key Laboratory of Precision Manufacturing for Extreme Service Performance, Central South University, Changsha 410083, China""]","[{""raw_affiliation_string"": ""Light Alloy Research Institute, Central South University, Changsha 410012, China"", ""institution_ids"": [""https://openalex.org/I139660479""]}, {""raw_affiliation_string"": ""State Key Laboratory of Precision Manufacturing for Extreme Service Performance, Central South University, Changsha 410083, China"", ""institution_ids"": [""https://openalex.org/I139660479""]}]","[""CN""]",CN,China,Hunan,CN-hunan,Changsha,28.19874,112.97087,institution_geo,https://api.openalex.org/institutions/I139660479,OpenAlex institution.geo.region,,,institution_city_point,False,True
W7160960716,10.1016/j.eswa.2026.132810,Energy consumption prediction of hydraulic systems based on Archimedes Algorithm-Optimized Multi-Level information fusion,2026,6,A5135992841,Minghui Huang,,last,I139660479,Central South University,education,https://ror.org/00f1zfq44,"[""Light Alloy Research Institute, Central South University, Changsha 410012, China"", ""State Key Laboratory of Precision Manufacturing for Extreme Service Performance, Central South University, Changsha 410083, China""]","[{""raw_affiliation_string"": ""Light Alloy Research Institute, Central South University, Changsha 410012, China"", ""institution_ids"": [""https://openalex.org/I139660479""]}, {""raw_affiliation_string"": ""State Key Laboratory of Precision Manufacturing for Extreme Service Performance, Central South University, Changsha 410083, China"", ""institution_ids"": [""https://openalex.org/I139660479""]}]","[""CN""]",CN,China,Hunan,CN-hunan,Changsha,28.19874,112.97087,institution_geo,https://api.openalex.org/institutions/I139660479,OpenAlex institution.geo.region,,,institution_city_point,False,True
W7166318156,10.1061/jwrmd5.wreng-7312,Fixed-Interval Sampling for Water Distribution System Monitoring: An Adaptive Strategy through Time-Frequency Analysis,2026,1,A5123302143,Shaosong Wei,,first,I76130692,Zhejiang University,education,https://ror.org/00a2xv884,"[""Zhejiang Univ""]","[{""raw_affiliation_string"": ""Zhejiang Univ"", ""institution_ids"": [""https://openalex.org/I76130692""]}]","[""CN""]",CN,China,Zhejiang,CN-zhejiang,Hangzhou,30.29365,120.16142,institution_geo,https://api.openalex.org/institutions/I76130692,OpenAlex institution.geo.region,,,institution_city_point,False,True
W7166318156,10.1061/jwrmd5.wreng-7312,Fixed-Interval Sampling for Water Distribution System Monitoring: An Adaptive Strategy through Time-Frequency Analysis,2026,2,A5072750031,Zhigang Liu,https://orcid.org/0000-0003-4154-5587,middle,I4210132981,Ningxia Water Conservancy,government,https://ror.org/02p2qrw13,"[""Ningbo Water and Environment Group Co., Ltd""]","[{""raw_affiliation_string"": ""Ningbo Water and Environment Group Co., Ltd"", ""institution_ids"": [""https://openalex.org/I4210132981""]}]","[""CN""]",CN,China,Ningxia,CN-ningxia,Yinchuan,38.46806,106.27306,institution_geo,https://api.openalex.org/institutions/I4210132981,OpenAlex institution.geo.region,,,institution_city_point,False,True
W7166318156,10.1061/jwrmd5.wreng-7312,Fixed-Interval Sampling for Water Distribution System Monitoring: An Adaptive Strategy through Time-Frequency Analysis,2026,3,A5100606549,Jie Fei,https://orcid.org/0000-0001-9079-7874,middle,I4210132981,Ningxia Water Conservancy,government,https://ror.org/02p2qrw13,"[""Ningbo Water and Environment Group Co., Ltd""]","[{""raw_affiliation_string"": ""Ningbo Water and Environment Group Co., Ltd"", ""institution_ids"": [""https://openalex.org/I4210132981""]}]","[""CN""]",CN,China,Ningxia,CN-ningxia,Yinchuan,38.46806,106.27306,institution_geo,https://api.openalex.org/institutions/I4210132981,OpenAlex institution.geo.region,,,institution_city_point,False,True
W7166318156,10.1061/jwrmd5.wreng-7312,Fixed-Interval Sampling for Water Distribution System Monitoring: An Adaptive Strategy through Time-Frequency Analysis,2026,4,A5022765674,Tingchao Yu,https://orcid.org/0000-0002-3230-0249,middle,I76130692,Zhejiang University,education,https://ror.org/00a2xv884,"[""Zhejiang Univ""]","[{""raw_affiliation_string"": ""Zhejiang Univ"", ""institution_ids"": [""https://openalex.org/I76130692""]}]","[""CN""]",CN,China,Zhejiang,CN-zhejiang,Hangzhou,30.29365,120.16142,institution_geo,https://api.openalex.org/institutions/I76130692,OpenAlex institution.geo.region,,,institution_city_point,False,True
W7166318156,10.1061/jwrmd5.wreng-7312,Fixed-Interval Sampling for Water Distribution System Monitoring: An Adaptive Strategy through Time-Frequency Analysis,2026,5,A5091007059,Avi Ostfeld,https://orcid.org/0000-0001-9112-6079,middle,I174306211,Technion – Israel Institute of Technology,education,https://ror.org/03qryx823,"[""Technion - Israel Institute of Technology""]","[{""raw_affiliation_string"": ""Technion - Israel Institute of Technology"", ""institution_ids"": [""https://openalex.org/I174306211""]}]","[""IL""]",IL,Israel,Haifa,IL-haifa,Haifa,32.81303,34.99928,institution_geo,https://api.openalex.org/institutions/I174306211,OpenAlex institution.geo.region,,,institution_city_point,False,True
W7166318156,10.1061/jwrmd5.wreng-7312,Fixed-Interval Sampling for Water Distribution System Monitoring: An Adaptive Strategy through Time-Frequency Analysis,2026,6,A5063905569,Shipeng Chu,https://orcid.org/0000-0003-2678-992X,last,I76130692,Zhejiang University,education,https://ror.org/00a2xv884,"[""Zhejiang Univ""]","[{""raw_affiliation_string"": ""Zhejiang Univ"", ""institution_ids"": [""https://openalex.org/I76130692""]}]","[""CN""]",CN,China,Zhejiang,CN-zhejiang,Hangzhou,30.29365,120.16142,institution_geo,https://api.openalex.org/institutions/I76130692,OpenAlex institution.geo.region,,,institution_city_point,False,True
W7124941333,10.1007/s11071-025-11983-7,Reinforcement learning-based fault-tolerant control of nonlinear servo systems with performance guarantees,2026,1,A5123385819,Ning Xie,,first,I92178344,Anhui University of Technology,education,https://ror.org/02qdtrq21,"[""Key Laboratory of Multidisciplinary Management and Control of Complex Systems and the School of Electrical and Information Engineering, Anhui University of Technology, 243002, Ma’anshan, China""]","[{""raw_affiliation_string"": ""Key Laboratory of Multidisciplinary Management and Control of Complex Systems and the School of Electrical and Information Engineering, Anhui University of Technology, 243002, Ma’anshan, China"", ""institution_ids"": [""https://openalex.org/I92178344""]}]","[""CN""]",CN,China,Anhui,CN-anhui,Ma'anshan City,31.523239135742188,118.6201400756836,institution_geo,https://api.openalex.org/institutions/I92178344,Natural Earth v5.1.2 point-in-polygon using institution city coordinates,https://raw.githubusercontent.com/nvkelso/natural-earth-vector/v5.1.2/geojson/ne_10m_admin_1_states_provinces.geojson,CN-AH,institution_city_point,False,True
W7124941333,10.1007/s11071-025-11983-7,Reinforcement learning-based fault-tolerant control of nonlinear servo systems with performance guarantees,2026,2,A5123417393,Shaoyu Lv,,middle,I92178344,Anhui University of Technology,education,https://ror.org/02qdtrq21,"[""Key Laboratory of Multidisciplinary Management and Control of Complex Systems and the School of Electrical and Information Engineering, Anhui University of Technology, 243002, Ma’anshan, China""]","[{""raw_affiliation_string"": ""Key Laboratory of Multidisciplinary Management and Control of Complex Systems and the School of Electrical and Information Engineering, Anhui University of Technology, 243002, Ma’anshan, China"", ""institution_ids"": [""https://openalex.org/I92178344""]}]","[""CN""]",CN,China,Anhui,CN-anhui,Ma'anshan City,31.523239135742188,118.6201400756836,institution_geo,https://api.openalex.org/institutions/I92178344,Natural Earth v5.1.2 point-in-polygon using institution city coordinates,https://raw.githubusercontent.com/nvkelso/natural-earth-vector/v5.1.2/geojson/ne_10m_admin_1_states_provinces.geojson,CN-AH,institution_city_point,False,True
W7124941333,10.1007/s11071-025-11983-7,Reinforcement learning-based fault-tolerant control of nonlinear servo systems with performance guarantees,2026,3,A5025885364,Zhengguo Huang,https://orcid.org/0000-0001-6581-6893,middle,I92178344,Anhui University of Technology,education,https://ror.org/02qdtrq21,"[""School of Electrical and Information Engineering, Anhui University of Technology, 243002, Ma’anshan, China""]","[{""raw_affiliation_string"": ""School of Electrical and Information Engineering, Anhui University of Technology, 243002, Ma’anshan, China"", ""institution_ids"": [""https://openalex.org/I92178344""]}]","[""CN""]",CN,China,Anhui,CN-anhui,Ma'anshan City,31.523239135742188,118.6201400756836,institution_geo,https://api.openalex.org/institutions/I92178344,Natural Earth v5.1.2 point-in-polygon using institution city coordinates,https://raw.githubusercontent.com/nvkelso/natural-earth-vector/v5.1.2/geojson/ne_10m_admin_1_states_provinces.geojson,CN-AH,institution_city_point,False,True
W7124941333,10.1007/s11071-025-11983-7,Reinforcement learning-based fault-tolerant control of nonlinear servo systems with performance guarantees,2026,4,A5123434691,Hao Shen,,last,I92178344,Anhui University of Technology,education,https://ror.org/02qdtrq21,"[""Anhui Provincial Key Laboratory of Power Electronics and Motion Control and the School of Electrical and Information Engineering, Anhui University of Technology, 243002, Ma’anshan, China""]","[{""raw_affiliation_string"": ""Anhui Provincial Key Laboratory of Power Electronics and Motion Control and the School of Electrical and Information Engineering, Anhui University of Technology, 243002, Ma’anshan, China"", ""institution_ids"": [""https://openalex.org/I92178344""]}]","[""CN""]",CN,China,Anhui,CN-anhui,Ma'anshan City,31.523239135742188,118.6201400756836,institution_geo,https://api.openalex.org/institutions/I92178344,Natural Earth v5.1.2 point-in-polygon using institution city coordinates,https://raw.githubusercontent.com/nvkelso/natural-earth-vector/v5.1.2/geojson/ne_10m_admin_1_states_provinces.geojson,CN-AH,institution_city_point,False,True
W7117985712,10.1007/978-3-032-13744-9_8,Secure Management of a Water Distribution Network in Multi-tenant Scenarios,2026,1,A5002819480,Pierluigi Locatelli,https://orcid.org/0000-0002-7084-7923,first,I861853513,Sapienza University of Rome,education,https://ror.org/02be6w209,"[""Department of Information Engineering, Electronics and Telecommunications, Sapienza University of Rome, Rome, Italy""]","[{""raw_affiliation_string"": ""Department of Information Engineering, Electronics and Telecommunications, Sapienza University of Rome, Rome, Italy"", ""institution_ids"": [""https://openalex.org/I861853513""]}]","[""IT""]",IT,Italy,Lazio,IT-lazio,Rome,41.89193,12.51133,institution_geo,https://api.openalex.org/institutions/I861853513,OpenAlex institution.geo.region,,,institution_city_point,False,True
W7117985712,10.1007/978-3-032-13744-9_8,Secure Management of a Water Distribution Network in Multi-tenant Scenarios,2026,2,A5019814927,Tiziana Cattai,https://orcid.org/0000-0002-6128-2246,middle,I861853513,Sapienza University of Rome,education,https://ror.org/02be6w209,"[""Department of Information Engineering, Electronics and Telecommunications, Sapienza University of Rome, Rome, Italy""]","[{""raw_affiliation_string"": ""Department of Information Engineering, Electronics and Telecommunications, Sapienza University of Rome, Rome, Italy"", ""institution_ids"": [""https://openalex.org/I861853513""]}]","[""IT""]",IT,Italy,Lazio,IT-lazio,Rome,41.89193,12.51133,institution_geo,https://api.openalex.org/institutions/I861853513,OpenAlex institution.geo.region,,,institution_city_point,False,True
W7117985712,10.1007/978-3-032-13744-9_8,Secure Management of a Water Distribution Network in Multi-tenant Scenarios,2026,3,A5043668931,Pietro Spadaccino,https://orcid.org/0000-0002-5920-680X,middle,I861853513,Sapienza University of Rome,education,https://ror.org/02be6w209,"[""Department of Information Engineering, Electronics and Telecommunications, Sapienza University of Rome, Rome, Italy""]","[{""raw_affiliation_string"": ""Department of Information Engineering, Electronics and Telecommunications, Sapienza University of Rome, Rome, Italy"", ""institution_ids"": [""https://openalex.org/I861853513""]}]","[""IT""]",IT,Italy,Lazio,IT-lazio,Rome,41.89193,12.51133,institution_geo,https://api.openalex.org/institutions/I861853513,OpenAlex institution.geo.region,,,institution_city_point,False,True
W7117985712,10.1007/978-3-032-13744-9_8,Secure Management of a Water Distribution Network in Multi-tenant Scenarios,2026,4,A5022341678,Francesca Cuomo,https://orcid.org/0000-0002-9122-7993,last,I861853513,Sapienza University of Rome,education,https://ror.org/02be6w209,"[""Department of Information Engineering, Electronics and Telecommunications, Sapienza University of Rome, Rome, Italy""]","[{""raw_affiliation_string"": ""Department of Information Engineering, Electronics and Telecommunications, Sapienza University of Rome, Rome, Italy"", ""institution_ids"": [""https://openalex.org/I861853513""]}]","[""IT""]",IT,Italy,Lazio,IT-lazio,Rome,41.89193,12.51133,institution_geo,https://api.openalex.org/institutions/I861853513,OpenAlex institution.geo.region,,,institution_city_point,False,True
W7155051385,10.3390/su18084108,Sustainable Water Allocation in Karst Regions: A Multi-Objective Framework Integrating Ecological Flow and Intelligent Demand Forecasting,2026,1,A5109697709,Yunfa Gao,,first,I4210111792,Guizhou Water Conservancy and Hydropower Survey and Design Institute,facility,https://ror.org/026z6mp76,"[""Guizhou Water & Power Survey-Design Institute Co., Ltd., Guiyang 550002, China""]","[{""raw_affiliation_string"": ""Guizhou Water & Power Survey-Design Institute Co., Ltd., Guiyang 550002, China"", ""institution_ids"": [""https://openalex.org/I4210111792""]}]","[""CN""]",CN,China,Guizhou,CN-guizhou,Guiyang,26.87800407409668,106.53499603271484,institution_geo,https://api.openalex.org/institutions/I4210111792,Natural Earth v5.1.2 point-in-polygon using institution city coordinates,https://raw.githubusercontent.com/nvkelso/natural-earth-vector/v5.1.2/geojson/ne_10m_admin_1_states_provinces.geojson,CN-GZ,institution_city_point,False,True
W7155051385,10.3390/su18084108,Sustainable Water Allocation in Karst Regions: A Multi-Objective Framework Integrating Ecological Flow and Intelligent Demand Forecasting,2026,2,A5081645776,Ming Zhong,https://orcid.org/0000-0002-4022-6800,middle,I4210111792,Guizhou Water Conservancy and Hydropower Survey and Design Institute,facility,https://ror.org/026z6mp76,"[""Guizhou Water & Power Survey-Design Institute Co., Ltd., Guiyang 550002, China""]","[{""raw_affiliation_string"": ""Guizhou Water & Power Survey-Design Institute Co., Ltd., Guiyang 550002, China"", ""institution_ids"": [""https://openalex.org/I4210111792""]}]","[""CN""]",CN,China,Guizhou,CN-guizhou,Guiyang,26.87800407409668,106.53499603271484,institution_geo,https://api.openalex.org/institutions/I4210111792,Natural Earth v5.1.2 point-in-polygon using institution city coordinates,https://raw.githubusercontent.com/nvkelso/natural-earth-vector/v5.1.2/geojson/ne_10m_admin_1_states_provinces.geojson,CN-GZ,institution_city_point,False,True
W7155051385,10.3390/su18084108,Sustainable Water Allocation in Karst Regions: A Multi-Objective Framework Integrating Ecological Flow and Intelligent Demand Forecasting,2026,3,A5134101161,Jie Xu,,middle,I4210111792,Guizhou Water Conservancy and Hydropower Survey and Design Institute,facility,https://ror.org/026z6mp76,"[""Guizhou Water & Power Survey-Design Institute Co., Ltd., Guiyang 550002, China""]","[{""raw_affiliation_string"": ""Guizhou Water & Power Survey-Design Institute Co., Ltd., Guiyang 550002, China"", ""institution_ids"": [""https://openalex.org/I4210111792""]}]","[""CN""]",CN,China,Guizhou,CN-guizhou,Guiyang,26.87800407409668,106.53499603271484,institution_geo,https://api.openalex.org/institutions/I4210111792,Natural Earth v5.1.2 point-in-polygon using institution city coordinates,https://raw.githubusercontent.com/nvkelso/natural-earth-vector/v5.1.2/geojson/ne_10m_admin_1_states_provinces.geojson,CN-GZ,institution_city_point,False,True
W7155051385,10.3390/su18084108,Sustainable Water Allocation in Karst Regions: A Multi-Objective Framework Integrating Ecological Flow and Intelligent Demand Forecasting,2026,4,A5103225665,Guang Yang,https://orcid.org/0000-0001-9487-6174,last,I4210111986,Nanjing Hydraulic Research Institute,facility,https://ror.org/02403qw73,"[""Nanjing Hydraulic Research Institute, Nanjing 210029, China""]","[{""raw_affiliation_string"": ""Nanjing Hydraulic Research Institute, Nanjing 210029, China"", ""institution_ids"": [""https://openalex.org/I4210111986""]}]","[""CN""]",CN,China,Jiangsu,CN-jiangsu,Nanjing,32.06167,118.77778,institution_geo,https://api.openalex.org/institutions/I4210111986,OpenAlex institution.geo.region,,,institution_city_point,False,True
W7163748389,10.1007/978-981-92-1462-4_21,Unified Loss-Level Regularization for Spike-Aware and Anti-Lag Time Series Forecasting,2026,1,A5138036114,Faiza Afzal,,first,I83202590,Jeju National University,education,https://ror.org/05hnb4n85,"[""Department of Artificial Intelligence, Jeju National University, Jeju, Republic of Korea""]","[{""raw_affiliation_string"": ""Department of Artificial Intelligence, Jeju National University, Jeju, Republic of Korea"", ""institution_ids"": [""https://openalex.org/I83202590""]}]","[""KR""]",KR,South Korea,Jeju-do,KR-jeju-do,Jeju City,33.50972,126.52194,institution_geo,https://api.openalex.org/institutions/I83202590,OpenAlex institution.geo.region,,,institution_city_point,False,True
W7163748389,10.1007/978-981-92-1462-4_21,Unified Loss-Level Regularization for Spike-Aware and Anti-Lag Time Series Forecasting,2026,2,A5120687769,EunSol Hyun,,middle,I83202590,Jeju National University,education,https://ror.org/05hnb4n85,"[""Department of Artificial Intelligence, Jeju National University, Jeju, Republic of Korea""]","[{""raw_affiliation_string"": ""Department of Artificial Intelligence, Jeju National University, Jeju, Republic of Korea"", ""institution_ids"": [""https://openalex.org/I83202590""]}]","[""KR""]",KR,South Korea,Jeju-do,KR-jeju-do,Jeju City,33.50972,126.52194,institution_geo,https://api.openalex.org/institutions/I83202590,OpenAlex institution.geo.region,,,institution_city_point,False,True
W7163748389,10.1007/978-981-92-1462-4_21,Unified Loss-Level Regularization for Spike-Aware and Anti-Lag Time Series Forecasting,2026,3,A5020482552,A-Hyun Jo,,middle,I83202590,Jeju National University,education,https://ror.org/05hnb4n85,"[""Department of Marine Life Science, Jeju National University, Jeju, 63243, South Korea""]","[{""raw_affiliation_string"": ""Department of Marine Life Science, Jeju National University, Jeju, 63243, South Korea"", ""institution_ids"": [""https://openalex.org/I83202590""]}]","[""KR""]",KR,South Korea,Jeju-do,KR-jeju-do,Jeju City,33.50972,126.52194,institution_geo,https://api.openalex.org/institutions/I83202590,OpenAlex institution.geo.region,,,institution_city_point,False,True
W7163748389,10.1007/978-981-92-1462-4_21,Unified Loss-Level Regularization for Spike-Aware and Anti-Lag Time Series Forecasting,2026,4,A5021872568,Jae‐Joong Kim,https://orcid.org/0000-0002-2714-2282,middle,I83202590,Jeju National University,education,https://ror.org/05hnb4n85,"[""Department of Aquatic Life Medicine, Jeju National University, Jeju, 63243, South Korea"", ""Department of Marine Life Science, Jeju National University, Jeju, 63243, South Korea""]","[{""raw_affiliation_string"": ""Department of Aquatic Life Medicine, Jeju National University, Jeju, 63243, South Korea"", ""institution_ids"": [""https://openalex.org/I83202590""]}, {""raw_affiliation_string"": ""Department of Marine Life Science, Jeju National University, Jeju, 63243, South Korea"", ""institution_ids"": [""https://openalex.org/I83202590""]}]","[""KR""]",KR,South Korea,Jeju-do,KR-jeju-do,Jeju City,33.50972,126.52194,institution_geo,https://api.openalex.org/institutions/I83202590,OpenAlex institution.geo.region,,,institution_city_point,False,True
W7163748389,10.1007/978-981-92-1462-4_21,Unified Loss-Level Regularization for Spike-Aware and Anti-Lag Time Series Forecasting,2026,5,A5079106943,Kyuchang Chang,https://orcid.org/0000-0003-1928-9417,last,I83202590,Jeju National University,education,https://ror.org/05hnb4n85,"[""Department of Artificial Intelligence, Jeju National University, Jeju, Republic of Korea""]","[{""raw_affiliation_string"": ""Department of Artificial Intelligence, Jeju National University, Jeju, Republic of Korea"", ""institution_ids"": [""https://openalex.org/I83202590""]}]","[""KR""]",KR,South Korea,Jeju-do,KR-jeju-do,Jeju City,33.50972,126.52194,institution_geo,https://api.openalex.org/institutions/I83202590,OpenAlex institution.geo.region,,,institution_city_point,False,True
W4411018076,10.1080/00207543.2025.2513577,A novel distributed fine-grained energy consumption monitoring for large-scale nonlinear dynamic industrial processes,2025,1,A5016153320,Kaixiang Peng,https://orcid.org/0000-0001-8314-3047,first,I92403157,University of Science and Technology Beijing,education,https://ror.org/02egmk993,"[""University of Science and Technology Beijing"", ""Key Laboratory of Knowledge Automation for Industrial Processes of Ministry of Education, University of Science and Technology Beijing, Beijing, People's Republic of China""]","[{""raw_affiliation_string"": ""University of Science and Technology Beijing"", ""institution_ids"": [""https://openalex.org/I92403157""]}, {""raw_affiliation_string"": ""Key Laboratory of Knowledge Automation for Industrial Processes of Ministry of Education, University of Science and Technology Beijing, Beijing, People's Republic of China"", ""institution_ids"": [""https://openalex.org/I92403157""]}]","[""CN""]",CN,China,Beijing,CN-beijing,Beijing,39.9075,116.39723,institution_geo,https://api.openalex.org/institutions/I92403157,OpenAlex institution.geo.region,,,institution_city_point,False,True
W4411018076,10.1080/00207543.2025.2513577,A novel distributed fine-grained energy consumption monitoring for large-scale nonlinear dynamic industrial processes,2025,2,A5050164927,Yujie Wei,https://orcid.org/0000-0002-3213-7891,middle,I92403157,University of Science and Technology Beijing,education,https://ror.org/02egmk993,"[""University of Science and Technology Beijing"", ""School of Automation and Electrical Engineering, University of Science and Technology Beijing, Beijing, People's Republic of China""]","[{""raw_affiliation_string"": ""University of Science and Technology Beijing"", ""institution_ids"": [""https://openalex.org/I92403157""]}, {""raw_affiliation_string"": ""School of Automation and Electrical Engineering, University of Science and Technology Beijing, Beijing, People's Republic of China"", ""institution_ids"": [""https://openalex.org/I92403157""]}]","[""CN""]",CN,China,Beijing,CN-beijing,Beijing,39.9075,116.39723,institution_geo,https://api.openalex.org/institutions/I92403157,OpenAlex institution.geo.region,,,institution_city_point,False,True
W4411018076,10.1080/00207543.2025.2513577,A novel distributed fine-grained energy consumption monitoring for large-scale nonlinear dynamic industrial processes,2025,3,A5100754636,Tie Li,https://orcid.org/0000-0003-2795-9724,middle,I92403157,University of Science and Technology Beijing,education,https://ror.org/02egmk993,"[""University of Science and Technology Beijing"", ""School of Automation and Electrical Engineering, University of Science and Technology Beijing, Beijing, People's Republic of China""]","[{""raw_affiliation_string"": ""University of Science and Technology Beijing"", ""institution_ids"": [""https://openalex.org/I92403157""]}, {""raw_affiliation_string"": ""School of Automation and Electrical Engineering, University of Science and Technology Beijing, Beijing, People's Republic of China"", ""institution_ids"": [""https://openalex.org/I92403157""]}]","[""CN""]",CN,China,Beijing,CN-beijing,Beijing,39.9075,116.39723,institution_geo,https://api.openalex.org/institutions/I92403157,OpenAlex institution.geo.region,,,institution_city_point,False,True
W4411018076,10.1080/00207543.2025.2513577,A novel distributed fine-grained energy consumption monitoring for large-scale nonlinear dynamic industrial processes,2025,4,A5050608316,Qin Xin,https://orcid.org/0000-0002-6178-8538,middle,I92403157,University of Science and Technology Beijing,education,https://ror.org/02egmk993,"[""University of Science and Technology Beijing"", ""School of Automation and Electrical Engineering, University of Science and Technology Beijing, Beijing, People's Republic of China""]","[{""raw_affiliation_string"": ""University of Science and Technology Beijing"", ""institution_ids"": [""https://openalex.org/I92403157""]}, {""raw_affiliation_string"": ""School of Automation and Electrical Engineering, University of Science and Technology Beijing, Beijing, People's Republic of China"", ""institution_ids"": [""https://openalex.org/I92403157""]}]","[""CN""]",CN,China,Beijing,CN-beijing,Beijing,39.9075,116.39723,institution_geo,https://api.openalex.org/institutions/I92403157,OpenAlex institution.geo.region,,,institution_city_point,False,True
W4411018076,10.1080/00207543.2025.2513577,A novel distributed fine-grained energy consumption monitoring for large-scale nonlinear dynamic industrial processes,2025,5,A5111339977,Jie Dong,https://orcid.org/0009-0005-6006-385X,last,I92403157,University of Science and Technology Beijing,education,https://ror.org/02egmk993,"[""University of Science and Technology Beijing"", ""Key Laboratory of Knowledge Automation for Industrial Processes of Ministry of Education, University of Science and Technology Beijing, Beijing, People's Republic of China""]","[{""raw_affiliation_string"": ""University of Science and Technology Beijing"", ""institution_ids"": [""https://openalex.org/I92403157""]}, {""raw_affiliation_string"": ""Key Laboratory of Knowledge Automation for Industrial Processes of Ministry of Education, University of Science and Technology Beijing, Beijing, People's Republic of China"", ""institution_ids"": [""https://openalex.org/I92403157""]}]","[""CN""]",CN,China,Beijing,CN-beijing,Beijing,39.9075,116.39723,institution_geo,https://api.openalex.org/institutions/I92403157,OpenAlex institution.geo.region,,,institution_city_point,False,True
W4416202049,10.1109/tcyb.2025.3623591,Accelerated Intelligent Critic Tracking Predictive Control With Data Experience Replay for Unknown Nonlinear Systems,2025,1,A5024549341,Ding Wang,https://orcid.org/0000-0002-7149-5712,first,I37796252,Beijing University of Technology,education,https://ror.org/037b1pp87,"[""School of Information Science and Technology, Beijing Key Laboratory of Computational Intelligence and Intelligent System, Beijing Laboratory of Smart Environmental Protection, and Beijing Institute of Artificial Intelligence, Beijing University of Technology, Beijing, China""]","[{""raw_affiliation_string"": ""School of Information Science and Technology, Beijing Key Laboratory of Computational Intelligence and Intelligent System, Beijing Laboratory of Smart Environmental Protection, and Beijing Institute of Artificial Intelligence, Beijing University of Technology, Beijing, China"", ""institution_ids"": [""https://openalex.org/I37796252""]}]","[""CN""]",CN,China,Beijing,CN-beijing,Beijing,39.9075,116.39723,institution_geo,https://api.openalex.org/institutions/I37796252,OpenAlex institution.geo.region,,,institution_city_point,False,True
W4416202049,10.1109/tcyb.2025.3623591,Accelerated Intelligent Critic Tracking Predictive Control With Data Experience Replay for Unknown Nonlinear Systems,2025,2,A5026338777,Peng Xin,https://orcid.org/0000-0002-2170-4782,middle,I37796252,Beijing University of Technology,education,https://ror.org/037b1pp87,"[""School of Information Science and Technology, Beijing Key Laboratory of Computational Intelligence and Intelligent System, Beijing Laboratory of Smart Environmental Protection, and Beijing Institute of Artificial Intelligence, Beijing University of Technology, Beijing, China""]","[{""raw_affiliation_string"": ""School of Information Science and Technology, Beijing Key Laboratory of Computational Intelligence and Intelligent System, Beijing Laboratory of Smart Environmental Protection, and Beijing Institute of Artificial Intelligence, Beijing University of Technology, Beijing, China"", ""institution_ids"": [""https://openalex.org/I37796252""]}]","[""CN""]",CN,China,Beijing,CN-beijing,Beijing,39.9075,116.39723,institution_geo,https://api.openalex.org/institutions/I37796252,OpenAlex institution.geo.region,,,institution_city_point,False,True
W4416202049,10.1109/tcyb.2025.3623591,Accelerated Intelligent Critic Tracking Predictive Control With Data Experience Replay for Unknown Nonlinear Systems,2025,3,A5102150409,Hua Wang,https://orcid.org/0000-0001-7552-3971,middle,I38877650,Zhengzhou University,education,https://ror.org/04ypx8c21,"[""School of Computer and Artificial Intelligence, Zhengzhou University, Zhengzhou, China""]","[{""raw_affiliation_string"": ""School of Computer and Artificial Intelligence, Zhengzhou University, Zhengzhou, China"", ""institution_ids"": [""https://openalex.org/I38877650""]}]","[""CN""]",CN,China,Henan,CN-henan,Zhengzhou,34.75778,113.64861,institution_geo,https://api.openalex.org/institutions/I38877650,OpenAlex institution.geo.region,,,institution_city_point,False,True
W4416202049,10.1109/tcyb.2025.3623591,Accelerated Intelligent Critic Tracking Predictive Control With Data Experience Replay for Unknown Nonlinear Systems,2025,4,A5032826574,Ao Liu,https://orcid.org/0009-0007-3572-901X,middle,I37796252,Beijing University of Technology,education,https://ror.org/037b1pp87,"[""School of Information Science and Technology, Beijing Key Laboratory of Computational Intelligence and Intelligent System, Beijing Laboratory of Smart Environmental Protection, and Beijing Institute of Artificial Intelligence, Beijing University of Technology, Beijing, China""]","[{""raw_affiliation_string"": ""School of Information Science and Technology, Beijing Key Laboratory of Computational Intelligence and Intelligent System, Beijing Laboratory of Smart Environmental Protection, and Beijing Institute of Artificial Intelligence, Beijing University of Technology, Beijing, China"", ""institution_ids"": [""https://openalex.org/I37796252""]}]","[""CN""]",CN,China,Beijing,CN-beijing,Beijing,39.9075,116.39723,institution_geo,https://api.openalex.org/institutions/I37796252,OpenAlex institution.geo.region,,,institution_city_point,False,True
W4416202049,10.1109/tcyb.2025.3623591,Accelerated Intelligent Critic Tracking Predictive Control With Data Experience Replay for Unknown Nonlinear Systems,2025,5,A5113852585,Junfei Qiao,https://orcid.org/0000-0003-0950-7900,last,I37796252,Beijing University of Technology,education,https://ror.org/037b1pp87,"[""School of Information Science and Technology, Beijing Key Laboratory of Computational Intelligence and Intelligent System, Beijing Laboratory of Smart Environmental Protection, and Beijing Institute of Artificial Intelligence, Beijing University of Technology, Beijing, China""]","[{""raw_affiliation_string"": ""School of Information Science and Technology, Beijing Key Laboratory of Computational Intelligence and Intelligent System, Beijing Laboratory of Smart Environmental Protection, and Beijing Institute of Artificial Intelligence, Beijing University of Technology, Beijing, China"", ""institution_ids"": [""https://openalex.org/I37796252""]}]","[""CN""]",CN,China,Beijing,CN-beijing,Beijing,39.9075,116.39723,institution_geo,https://api.openalex.org/institutions/I37796252,OpenAlex institution.geo.region,,,institution_city_point,False,True
W4411055426,10.1109/tnnls.2025.3565622,Adaptive Secure Finite-Time Optimal Control of Unknown Nonlinear Systems With State Constraints via Generalized Fuzzy Hyperbolic Models,2025,1,A5086637270,Hanguang Su,https://orcid.org/0000-0003-1356-4158,first,I9224756,Northeastern University,education,https://ror.org/03awzbc87,"[""School of Information Science and Engineering, Northeastern University, Shenyang, Liaoning, China""]","[{""raw_affiliation_string"": ""School of Information Science and Engineering, Northeastern University, Shenyang, Liaoning, China"", ""institution_ids"": [""https://openalex.org/I9224756""]}]","[""CN""]",CN,China,Liaoning,CN-liaoning,Shenyang,41.79222,123.43278,institution_geo,https://api.openalex.org/institutions/I9224756,OpenAlex institution.geo.region,,,institution_city_point,False,True
W4411055426,10.1109/tnnls.2025.3565622,Adaptive Secure Finite-Time Optimal Control of Unknown Nonlinear Systems With State Constraints via Generalized Fuzzy Hyperbolic Models,2025,2,A5113082214,Yi Cui,https://orcid.org/0009-0001-7413-5288,middle,I9224756,Northeastern University,education,https://ror.org/03awzbc87,"[""School of Information Science and Engineering, Northeastern University, Shenyang, Liaoning, China""]","[{""raw_affiliation_string"": ""School of Information Science and Engineering, Northeastern University, Shenyang, Liaoning, China"", ""institution_ids"": [""https://openalex.org/I9224756""]}]","[""CN""]",CN,China,Liaoning,CN-liaoning,Shenyang,41.79222,123.43278,institution_geo,https://api.openalex.org/institutions/I9224756,OpenAlex institution.geo.region,,,institution_city_point,False,True
W4411055426,10.1109/tnnls.2025.3565622,Adaptive Secure Finite-Time Optimal Control of Unknown Nonlinear Systems With State Constraints via Generalized Fuzzy Hyperbolic Models,2025,3,A5100625792,Huaguang Zhang,https://orcid.org/0000-0002-2375-9824,middle,I4391767858,State Key Laboratory of Synthetical Automation for Process Industries,facility,https://ror.org/0380ng272,"[""School of Information Science and Engineering and the State Key Laboratory of Synthetical Automation for Process Industries, Northeastern University, Shenyang, China""]","[{""raw_affiliation_string"": ""School of Information Science and Engineering and the State Key Laboratory of Synthetical Automation for Process Industries, Northeastern University, Shenyang, China"", ""institution_ids"": [""https://openalex.org/I4391767858"", ""https://openalex.org/I9224756""]}]","[""CN""]",CN,China,Liaoning,CN-liaoning,Shenyang,41.79222106933594,123.43277740478516,institution_geo,https://api.openalex.org/institutions/I4391767858,Natural Earth v5.1.2 point-in-polygon using institution city coordinates,https://raw.githubusercontent.com/nvkelso/natural-earth-vector/v5.1.2/geojson/ne_10m_admin_1_states_provinces.geojson,CN-LN,institution_city_point,False,True
W4411055426,10.1109/tnnls.2025.3565622,Adaptive Secure Finite-Time Optimal Control of Unknown Nonlinear Systems With State Constraints via Generalized Fuzzy Hyperbolic Models,2025,3,A5100625792,Huaguang Zhang,https://orcid.org/0000-0002-2375-9824,middle,I9224756,Northeastern University,education,https://ror.org/03awzbc87,"[""School of Information Science and Engineering and the State Key Laboratory of Synthetical Automation for Process Industries, Northeastern University, Shenyang, China""]","[{""raw_affiliation_string"": ""School of Information Science and Engineering and the State Key Laboratory of Synthetical Automation for Process Industries, Northeastern University, Shenyang, China"", ""institution_ids"": [""https://openalex.org/I4391767858"", ""https://openalex.org/I9224756""]}]","[""CN""]",CN,China,Liaoning,CN-liaoning,Shenyang,41.79222,123.43278,institution_geo,https://api.openalex.org/institutions/I9224756,OpenAlex institution.geo.region,,,institution_city_point,False,True
W4411055426,10.1109/tnnls.2025.3565622,Adaptive Secure Finite-Time Optimal Control of Unknown Nonlinear Systems With State Constraints via Generalized Fuzzy Hyperbolic Models,2025,4,A5066409796,Xiangpeng Xie,https://orcid.org/0000-0003-4822-3134,middle,I41198531,Nanjing University of Posts and Telecommunications,education,https://ror.org/043bpky34,"[""School of Internet of Things, Nanjing University of Posts and Telecommunications, Nanjing, China""]","[{""raw_affiliation_string"": ""School of Internet of Things, Nanjing University of Posts and Telecommunications, Nanjing, China"", ""institution_ids"": [""https://openalex.org/I41198531""]}]","[""CN""]",CN,China,Jiangsu,CN-jiangsu,Nanjing,32.06167,118.77778,institution_geo,https://api.openalex.org/institutions/I41198531,OpenAlex institution.geo.region,,,institution_city_point,False,True
W4411055426,10.1109/tnnls.2025.3565622,Adaptive Secure Finite-Time Optimal Control of Unknown Nonlinear Systems With State Constraints via Generalized Fuzzy Hyperbolic Models,2025,5,A5031637653,Xiaodong Liang,https://orcid.org/0000-0002-8089-5419,middle,I32625721,University of Saskatchewan,education,https://ror.org/010x8gc63,"[""Department of Electrical and Computer Engineering, University of Saskatchewan, Saskatoon, SK, Canada""]","[{""raw_affiliation_string"": ""Department of Electrical and Computer Engineering, University of Saskatchewan, Saskatoon, SK, Canada"", ""institution_ids"": [""https://openalex.org/I32625721""]}]","[""CA""]",CA,Canada,Saskatchewan,CA-saskatchewan,Saskatoon,52.13238,-106.66892,institution_geo,https://api.openalex.org/institutions/I32625721,OpenAlex institution.geo.region,,,institution_city_point,False,True
W4411055426,10.1109/tnnls.2025.3565622,Adaptive Secure Finite-Time Optimal Control of Unknown Nonlinear Systems With State Constraints via Generalized Fuzzy Hyperbolic Models,2025,6,A5055086755,Jiawei Wang,https://orcid.org/0000-0002-1891-0657,last,I9224756,Northeastern University,education,https://ror.org/03awzbc87,"[""National Frontiers Science Center for Industrial Intelligence and Systems Optimization, Northeastern University, Shenyang, China""]","[{""raw_affiliation_string"": ""National Frontiers Science Center for Industrial Intelligence and Systems Optimization, Northeastern University, Shenyang, China"", ""institution_ids"": [""https://openalex.org/I9224756""]}]","[""CN""]",CN,China,Liaoning,CN-liaoning,Shenyang,41.79222,123.43278,institution_geo,https://api.openalex.org/institutions/I9224756,OpenAlex institution.geo.region,,,institution_city_point,False,True
W4408960580,10.1016/j.eswa.2025.127347,Adaptive sparse lightweight multi-scale hybrid network for remote sensing image semantic segmentation,2025,1,,Haonan Sun,https://orcid.org/0009-0005-5174-3503,first,I38877650,Zhengzhou University,education,https://ror.org/04ypx8c21,"[""School of Computer and Artificial Intelligence , Zhengzhou University, Zhengzhou, 450001, China""]","[{""raw_affiliation_string"": ""School of Computer and Artificial Intelligence , Zhengzhou University, Zhengzhou, 450001, China"", ""institution_ids"": [""https://openalex.org/I38877650""]}]","[""CN""]",CN,China,Henan,CN-henan,Zhengzhou,34.75778,113.64861,institution_geo,https://api.openalex.org/institutions/I38877650,OpenAlex institution.geo.region,,,institution_city_point,False,True
W4408960580,10.1016/j.eswa.2025.127347,Adaptive sparse lightweight multi-scale hybrid network for remote sensing image semantic segmentation,2025,2,A5102846803,Xiaohui He,https://orcid.org/0000-0001-8043-5087,middle,I38877650,Zhengzhou University,education,https://ror.org/04ypx8c21,"[""School of Geoscience and Technology, Zhengzhou University, Zhengzhou, 450001, China""]","[{""raw_affiliation_string"": ""School of Geoscience and Technology, Zhengzhou University, Zhengzhou, 450001, China"", ""institution_ids"": [""https://openalex.org/I38877650""]}]","[""CN""]",CN,China,Henan,CN-henan,Zhengzhou,34.75778,113.64861,institution_geo,https://api.openalex.org/institutions/I38877650,OpenAlex institution.geo.region,,,institution_city_point,False,True
W4408960580,10.1016/j.eswa.2025.127347,Adaptive sparse lightweight multi-scale hybrid network for remote sensing image semantic segmentation,2025,3,,Haofei Li,https://orcid.org/0009-0002-9551-4655,middle,I38877650,Zhengzhou University,education,https://ror.org/04ypx8c21,"[""School of Computer and Artificial Intelligence , Zhengzhou University, Zhengzhou, 450001, China"", ""School of Geoscience and Technology, Zhengzhou University, Zhengzhou, 450001, China""]","[{""raw_affiliation_string"": ""School of Computer and Artificial Intelligence , Zhengzhou University, Zhengzhou, 450001, China"", ""institution_ids"": [""https://openalex.org/I38877650""]}, {""raw_affiliation_string"": ""School of Geoscience and Technology, Zhengzhou University, Zhengzhou, 450001, China"", ""institution_ids"": [""https://openalex.org/I38877650""]}]","[""CN""]",CN,China,Henan,CN-henan,Zhengzhou,34.75778,113.64861,institution_geo,https://api.openalex.org/institutions/I38877650,OpenAlex institution.geo.region,,,institution_city_point,False,True
W4408960580,10.1016/j.eswa.2025.127347,Adaptive sparse lightweight multi-scale hybrid network for remote sensing image semantic segmentation,2025,4,,Jinlan Kong,,middle,I38877650,Zhengzhou University,education,https://ror.org/04ypx8c21,"[""School of Computer and Artificial Intelligence , Zhengzhou University, Zhengzhou, 450001, China""]","[{""raw_affiliation_string"": ""School of Computer and Artificial Intelligence , Zhengzhou University, Zhengzhou, 450001, China"", ""institution_ids"": [""https://openalex.org/I38877650""]}]","[""CN""]",CN,China,Henan,CN-henan,Zhengzhou,34.75778,113.64861,institution_geo,https://api.openalex.org/institutions/I38877650,OpenAlex institution.geo.region,,,institution_city_point,False,True
W4408960580,10.1016/j.eswa.2025.127347,Adaptive sparse lightweight multi-scale hybrid network for remote sensing image semantic segmentation,2025,5,A5066321568,Mengjia Qiao,https://orcid.org/0000-0001-8919-8647,middle,I38877650,Zhengzhou University,education,https://ror.org/04ypx8c21,"[""School of Geoscience and Technology, Zhengzhou University, Zhengzhou, 450001, China""]","[{""raw_affiliation_string"": ""School of Geoscience and Technology, Zhengzhou University, Zhengzhou, 450001, China"", ""institution_ids"": [""https://openalex.org/I38877650""]}]","[""CN""]",CN,China,Henan,CN-henan,Zhengzhou,34.75778,113.64861,institution_geo,https://api.openalex.org/institutions/I38877650,OpenAlex institution.geo.region,,,institution_city_point,False,True
W4408960580,10.1016/j.eswa.2025.127347,Adaptive sparse lightweight multi-scale hybrid network for remote sensing image semantic segmentation,2025,6,A5082859009,Xijie Cheng,https://orcid.org/0000-0001-9963-4422,middle,I38877650,Zhengzhou University,education,https://ror.org/04ypx8c21,"[""School of Geoscience and Technology, Zhengzhou University, Zhengzhou, 450001, China""]","[{""raw_affiliation_string"": ""School of Geoscience and Technology, Zhengzhou University, Zhengzhou, 450001, China"", ""institution_ids"": [""https://openalex.org/I38877650""]}]","[""CN""]",CN,China,Henan,CN-henan,Zhengzhou,34.75778,113.64861,institution_geo,https://api.openalex.org/institutions/I38877650,OpenAlex institution.geo.region,,,institution_city_point,False,True
W4408960580,10.1016/j.eswa.2025.127347,Adaptive sparse lightweight multi-scale hybrid network for remote sensing image semantic segmentation,2025,7,A5044795752,Panle Li,https://orcid.org/0000-0002-1077-8831,middle,I38877650,Zhengzhou University,education,https://ror.org/04ypx8c21,"[""School of Geoscience and Technology, Zhengzhou University, Zhengzhou, 450001, China""]","[{""raw_affiliation_string"": ""School of Geoscience and Technology, Zhengzhou University, Zhengzhou, 450001, China"", ""institution_ids"": [""https://openalex.org/I38877650""]}]","[""CN""]",CN,China,Henan,CN-henan,Zhengzhou,34.75778,113.64861,institution_geo,https://api.openalex.org/institutions/I38877650,OpenAlex institution.geo.region,,,institution_city_point,False,True
W4408960580,10.1016/j.eswa.2025.127347,Adaptive sparse lightweight multi-scale hybrid network for remote sensing image semantic segmentation,2025,8,A5100410001,Jian Zhang,https://orcid.org/0000-0002-7852-4934,middle,I38877650,Zhengzhou University,education,https://ror.org/04ypx8c21,"[""School of Computer and Artificial Intelligence , Zhengzhou University, Zhengzhou, 450001, China""]","[{""raw_affiliation_string"": ""School of Computer and Artificial Intelligence , Zhengzhou University, Zhengzhou, 450001, China"", ""institution_ids"": [""https://openalex.org/I38877650""]}]","[""CN""]",CN,China,Henan,CN-henan,Zhengzhou,34.75778,113.64861,institution_geo,https://api.openalex.org/institutions/I38877650,OpenAlex institution.geo.region,,,institution_city_point,False,True
W4408960580,10.1016/j.eswa.2025.127347,Adaptive sparse lightweight multi-scale hybrid network for remote sensing image semantic segmentation,2025,9,A5035645796,Renyi Liu,https://orcid.org/0000-0002-2534-4171,middle,I76130692,Zhejiang University,education,https://ror.org/00a2xv884,"[""School of Earth Sciences, Zhejiang University, Hangzhou, 310058, China""]","[{""raw_affiliation_string"": ""School of Earth Sciences, Zhejiang University, Hangzhou, 310058, China"", ""institution_ids"": [""https://openalex.org/I76130692""]}]","[""CN""]",CN,China,Zhejiang,CN-zhejiang,Hangzhou,30.29365,120.16142,institution_geo,https://api.openalex.org/institutions/I76130692,OpenAlex institution.geo.region,,,institution_city_point,False,True
W4408960580,10.1016/j.eswa.2025.127347,Adaptive sparse lightweight multi-scale hybrid network for remote sensing image semantic segmentation,2025,10,A5022800604,Jiandong Shang,https://orcid.org/0009-0001-7673-2641,last,I38877650,Zhengzhou University,education,https://ror.org/04ypx8c21,"[""School of Computer and Artificial Intelligence , Zhengzhou University, Zhengzhou, 450001, China""]","[{""raw_affiliation_string"": ""School of Computer and Artificial Intelligence , Zhengzhou University, Zhengzhou, 450001, China"", ""institution_ids"": [""https://openalex.org/I38877650""]}]","[""CN""]",CN,China,Henan,CN-henan,Zhengzhou,34.75778,113.64861,institution_geo,https://api.openalex.org/institutions/I38877650,OpenAlex institution.geo.region,,,institution_city_point,False,True
W6903285081,10.1109/tim.2025.3548247,An Automated Mechanical Property Testing System Based on Electric Field Assistance and Non-Contact Signal Measurement,2025,1,,Xiaochuan Liu,https://orcid.org/0000-0003-0444-420X,first,I87445476,Xi'an Jiaotong University,education,https://ror.org/017zhmm22,"[""School of Mechanical Engineering, Xi&#x2019;an Jiaotong University, Xi&#x2019;an, China""]","[{""raw_affiliation_string"": ""School of Mechanical Engineering, Xi&#x2019;an Jiaotong University, Xi&#x2019;an, China"", ""institution_ids"": [""https://openalex.org/I87445476""]}]","[""CN""]",CN,China,Shaanxi,CN-shaanxi,Xi'an,34.25833,108.92861,institution_geo,https://api.openalex.org/institutions/I87445476,OpenAlex institution.geo.region,,,institution_city_point,False,True
W6903285081,10.1109/tim.2025.3548247,An Automated Mechanical Property Testing System Based on Electric Field Assistance and Non-Contact Signal Measurement,2025,2,,Ming Ming,https://orcid.org/0009-0004-1718-5811,middle,I87445476,Xi'an Jiaotong University,education,https://ror.org/017zhmm22,"[""School of Mechanical Engineering, Xi&#x2019;an Jiaotong University, Xi&#x2019;an, China""]","[{""raw_affiliation_string"": ""School of Mechanical Engineering, Xi&#x2019;an Jiaotong University, Xi&#x2019;an, China"", ""institution_ids"": [""https://openalex.org/I87445476""]}]","[""CN""]",CN,China,Shaanxi,CN-shaanxi,Xi'an,34.25833,108.92861,institution_geo,https://api.openalex.org/institutions/I87445476,OpenAlex institution.geo.region,,,institution_city_point,False,True
W6903285081,10.1109/tim.2025.3548247,An Automated Mechanical Property Testing System Based on Electric Field Assistance and Non-Contact Signal Measurement,2025,3,,Lihua Du,https://orcid.org/0009-0004-2803-7021,middle,I4210147525,AviChina Industry & Technology (China),company,https://ror.org/05j26dk60,"[""AVIC Manufacturing Technology Institute, Beijing, China""]","[{""raw_affiliation_string"": ""AVIC Manufacturing Technology Institute, Beijing, China"", ""institution_ids"": [""https://openalex.org/I4210147525""]}]","[""CN""]",CN,China,Beijing,CN-beijing,Beijing,39.936439514160156,116.42213439941406,institution_geo,https://api.openalex.org/institutions/I4210147525,Natural Earth v5.1.2 point-in-polygon using institution city coordinates,https://raw.githubusercontent.com/nvkelso/natural-earth-vector/v5.1.2/geojson/ne_10m_admin_1_states_provinces.geojson,CN-BJ,institution_city_point,False,True
W6903285081,10.1109/tim.2025.3548247,An Automated Mechanical Property Testing System Based on Electric Field Assistance and Non-Contact Signal Measurement,2025,4,,Huiyuan Xu,https://orcid.org/0009-0006-5318-3789,middle,I4210147525,AviChina Industry & Technology (China),company,https://ror.org/05j26dk60,"[""AVIC Manufacturing Technology Institute, Beijing, China""]","[{""raw_affiliation_string"": ""AVIC Manufacturing Technology Institute, Beijing, China"", ""institution_ids"": [""https://openalex.org/I4210147525""]}]","[""CN""]",CN,China,Beijing,CN-beijing,Beijing,39.936439514160156,116.42213439941406,institution_geo,https://api.openalex.org/institutions/I4210147525,Natural Earth v5.1.2 point-in-polygon using institution city coordinates,https://raw.githubusercontent.com/nvkelso/natural-earth-vector/v5.1.2/geojson/ne_10m_admin_1_states_provinces.geojson,CN-BJ,institution_city_point,False,True
W6903285081,10.1109/tim.2025.3548247,An Automated Mechanical Property Testing System Based on Electric Field Assistance and Non-Contact Signal Measurement,2025,5,,Chenyu Li,https://orcid.org/0009-0005-8142-2006,middle,I87445476,Xi'an Jiaotong University,education,https://ror.org/017zhmm22,"[""School of Mechanical Engineering, Xi&#x2019;an Jiaotong University, Xi&#x2019;an, China""]","[{""raw_affiliation_string"": ""School of Mechanical Engineering, Xi&#x2019;an Jiaotong University, Xi&#x2019;an, China"", ""institution_ids"": [""https://openalex.org/I87445476""]}]","[""CN""]",CN,China,Shaanxi,CN-shaanxi,Xi'an,34.25833,108.92861,institution_geo,https://api.openalex.org/institutions/I87445476,OpenAlex institution.geo.region,,,institution_city_point,False,True
W6903285081,10.1109/tim.2025.3548247,An Automated Mechanical Property Testing System Based on Electric Field Assistance and Non-Contact Signal Measurement,2025,6,,Shengzhe Li,https://orcid.org/0009-0001-2338-2270,middle,I47508984,Imperial College London,education,https://ror.org/041kmwe10,"[""National Heart and Lung Institute, Imperial College London, London, U.K""]","[{""raw_affiliation_string"": ""National Heart and Lung Institute, Imperial College London, London, U.K"", ""institution_ids"": [""https://openalex.org/I47508984""]}]","[""GB""]",GB,United Kingdom,England,GB-england,London,51.50853,-0.12574,institution_geo,https://api.openalex.org/institutions/I47508984,OpenAlex institution.geo.region,,,institution_city_point,False,True
W6903285081,10.1109/tim.2025.3548247,An Automated Mechanical Property Testing System Based on Electric Field Assistance and Non-Contact Signal Measurement,2025,7,,Denis J. Politis,https://orcid.org/0000-0002-1684-0923,middle,I34771391,University of Cyprus,education,https://ror.org/02qjrjx09,"[""Department of Mechanical and Manufacturing Engineering, University of Cyprus, Nicosia, Cyprus""]","[{""raw_affiliation_string"": ""Department of Mechanical and Manufacturing Engineering, University of Cyprus, Nicosia, Cyprus"", ""institution_ids"": [""https://openalex.org/I34771391""]}]","[""CY""]",CY,Cyprus,Nicosia,CY-nicosia,Nicosia,35.17284,33.35397,institution_geo,https://api.openalex.org/institutions/I34771391,OpenAlex institution.geo.region,,,institution_city_point,False,True
W6903285081,10.1109/tim.2025.3548247,An Automated Mechanical Property Testing System Based on Electric Field Assistance and Non-Contact Signal Measurement,2025,8,,Di Zhang,https://orcid.org/0000-0002-9661-7237,middle,I87445476,Xi'an Jiaotong University,education,https://ror.org/017zhmm22,"[""School of Mechanical Engineering, Xi&#x2019;an Jiaotong University, Xi&#x2019;an, China""]","[{""raw_affiliation_string"": ""School of Mechanical Engineering, Xi&#x2019;an Jiaotong University, Xi&#x2019;an, China"", ""institution_ids"": [""https://openalex.org/I87445476""]}]","[""CN""]",CN,China,Shaanxi,CN-shaanxi,Xi'an,34.25833,108.92861,institution_geo,https://api.openalex.org/institutions/I87445476,OpenAlex institution.geo.region,,,institution_city_point,False,True
W6903285081,10.1109/tim.2025.3548247,An Automated Mechanical Property Testing System Based on Electric Field Assistance and Non-Contact Signal Measurement,2025,9,,Heli Liu,https://orcid.org/0000-0003-3754-8064,middle,I47508984,Imperial College London,education,https://ror.org/041kmwe10,"[""Department of Mechanical Engineering, Imperial College London, London, U.K""]","[{""raw_affiliation_string"": ""Department of Mechanical Engineering, Imperial College London, London, U.K"", ""institution_ids"": [""https://openalex.org/I47508984""]}]","[""GB""]",GB,United Kingdom,England,GB-england,London,51.50853,-0.12574,institution_geo,https://api.openalex.org/institutions/I47508984,OpenAlex institution.geo.region,,,institution_city_point,False,True
W6903285081,10.1109/tim.2025.3548247,An Automated Mechanical Property Testing System Based on Electric Field Assistance and Non-Contact Signal Measurement,2025,10,,Xuefeng Chen,https://orcid.org/0000-0002-0130-3172,last,I87445476,Xi'an Jiaotong University,education,https://ror.org/017zhmm22,"[""School of Mechanical Engineering, Xi&#x2019;an Jiaotong University, Xi&#x2019;an, China""]","[{""raw_affiliation_string"": ""School of Mechanical Engineering, Xi&#x2019;an Jiaotong University, Xi&#x2019;an, China"", ""institution_ids"": [""https://openalex.org/I87445476""]}]","[""CN""]",CN,China,Shaanxi,CN-shaanxi,Xi'an,34.25833,108.92861,institution_geo,https://api.openalex.org/institutions/I87445476,OpenAlex institution.geo.region,,,institution_city_point,False,True
W4416427853,10.1016/j.eswa.2025.130501,Cross-task interactive attention for typhoon intensity and track forecasting,2025,1,A5100339851,Wenhui Li,https://orcid.org/0000-0001-9609-6120,first,I141301092,China Meteorological Administration,government,https://ror.org/00bx3rb98,"[""Key Laboratory of High Impact Weather (special), China Meteorological Administration, Changsha, 410073,China"", ""School of Electrical and Information Engineering, Tianjin University, Tianjin, 300110, China""]","[{""raw_affiliation_string"": ""Key Laboratory of High Impact Weather (special), China Meteorological Administration, Changsha, 410073,China"", ""institution_ids"": [""https://openalex.org/I141301092""]}, {""raw_affiliation_string"": ""School of Electrical and Information Engineering, Tianjin University, Tianjin, 300110, China"", ""institution_ids"": [""https://openalex.org/I162868743""]}]","[""CN""]",CN,China,Beijing,CN-beijing,Beijing,39.9075,116.39723,institution_geo,https://api.openalex.org/institutions/I141301092,OpenAlex institution.geo.region,,,institution_city_point,False,True
W4416427853,10.1016/j.eswa.2025.130501,Cross-task interactive attention for typhoon intensity and track forecasting,2025,1,A5100339851,Wenhui Li,https://orcid.org/0000-0001-9609-6120,first,I162868743,Tianjin University,education,https://ror.org/012tb2g32,"[""Key Laboratory of High Impact Weather (special), China Meteorological Administration, Changsha, 410073,China"", ""School of Electrical and Information Engineering, Tianjin University, Tianjin, 300110, China""]","[{""raw_affiliation_string"": ""Key Laboratory of High Impact Weather (special), China Meteorological Administration, Changsha, 410073,China"", ""institution_ids"": [""https://openalex.org/I141301092""]}, {""raw_affiliation_string"": ""School of Electrical and Information Engineering, Tianjin University, Tianjin, 300110, China"", ""institution_ids"": [""https://openalex.org/I162868743""]}]","[""CN""]",CN,China,Tianjin,CN-tianjin,Tianjin,39.14222,117.17667,institution_geo,https://api.openalex.org/institutions/I162868743,OpenAlex institution.geo.region,,,institution_city_point,False,True
W4416427853,10.1016/j.eswa.2025.130501,Cross-task interactive attention for typhoon intensity and track forecasting,2025,2,,Jingyi Wang,https://orcid.org/0009-0005-6743-8212,middle,I162868743,Tianjin University,education,https://ror.org/012tb2g32,"[""School of Electrical and Information Engineering, Tianjin University, Tianjin, 300110, China""]","[{""raw_affiliation_string"": ""School of Electrical and Information Engineering, Tianjin University, Tianjin, 300110, China"", ""institution_ids"": [""https://openalex.org/I162868743""]}]","[""CN""]",CN,China,Tianjin,CN-tianjin,Tianjin,39.14222,117.17667,institution_geo,https://api.openalex.org/institutions/I162868743,OpenAlex institution.geo.region,,,institution_city_point,False,True
W4416427853,10.1016/j.eswa.2025.130501,Cross-task interactive attention for typhoon intensity and track forecasting,2025,3,,Yue Li,https://orcid.org/0009-0008-4574-3947,middle,I162868743,Tianjin University,education,https://ror.org/012tb2g32,"[""School of Electrical and Information Engineering, Tianjin University, Tianjin, 300110, China""]","[{""raw_affiliation_string"": ""School of Electrical and Information Engineering, Tianjin University, Tianjin, 300110, China"", ""institution_ids"": [""https://openalex.org/I162868743""]}]","[""CN""]",CN,China,Tianjin,CN-tianjin,Tianjin,39.14222,117.17667,institution_geo,https://api.openalex.org/institutions/I162868743,OpenAlex institution.geo.region,,,institution_city_point,False,True
W4416427853,10.1016/j.eswa.2025.130501,Cross-task interactive attention for typhoon intensity and track forecasting,2025,4,A5100634207,Dan Song,https://orcid.org/0000-0002-5864-0276,middle,I162868743,Tianjin University,education,https://ror.org/012tb2g32,"[""School of Electrical and Information Engineering, Tianjin University, Tianjin, 300110, China""]","[{""raw_affiliation_string"": ""School of Electrical and Information Engineering, Tianjin University, Tianjin, 300110, China"", ""institution_ids"": [""https://openalex.org/I162868743""]}]","[""CN""]",CN,China,Tianjin,CN-tianjin,Tianjin,39.14222,117.17667,institution_geo,https://api.openalex.org/institutions/I162868743,OpenAlex institution.geo.region,,,institution_city_point,False,True
W4416427853,10.1016/j.eswa.2025.130501,Cross-task interactive attention for typhoon intensity and track forecasting,2025,5,A5057744965,Xuan Peng,https://orcid.org/0000-0002-1211-1846,middle,I170215575,National University of Defense Technology,education,https://ror.org/05d2yfz11,"[""School of Meteorology and Oceanography, National University of Defense Technology, Changsha, 410073, China""]","[{""raw_affiliation_string"": ""School of Meteorology and Oceanography, National University of Defense Technology, Changsha, 410073, China"", ""institution_ids"": [""https://openalex.org/I170215575""]}]","[""CN""]",CN,China,Hunan,CN-hunan,Changsha,28.19874,112.97087,institution_geo,https://api.openalex.org/institutions/I170215575,OpenAlex institution.geo.region,,,institution_city_point,False,True
W4416427853,10.1016/j.eswa.2025.130501,Cross-task interactive attention for typhoon intensity and track forecasting,2025,6,A5079932099,Zhiqiang Wei,https://orcid.org/0000-0002-2830-8301,middle,I59028903,Ocean University of China,education,https://ror.org/04rdtx186,"[""Faculty of Information Science & Engineering, Ocean University of China, Qingdao, 266100, China""]","[{""raw_affiliation_string"": ""Faculty of Information Science & Engineering, Ocean University of China, Qingdao, 266100, China"", ""institution_ids"": [""https://openalex.org/I59028903""]}]","[""CN""]",CN,China,Shandong,CN-shandong,Qingdao,36.06488037109375,120.38041687011719,institution_geo,https://api.openalex.org/institutions/I59028903,Natural Earth v5.1.2 point-in-polygon using institution city coordinates,https://raw.githubusercontent.com/nvkelso/natural-earth-vector/v5.1.2/geojson/ne_10m_admin_1_states_provinces.geojson,CN-SD,institution_city_point,False,True
W4416427853,10.1016/j.eswa.2025.130501,Cross-task interactive attention for typhoon intensity and track forecasting,2025,7,A5081485810,An-An Liu,https://orcid.org/0000-0001-5755-9145,last,I162868743,Tianjin University,education,https://ror.org/012tb2g32,"[""School of Electrical and Information Engineering, Tianjin University, Tianjin, 300110, China""]","[{""raw_affiliation_string"": ""School of Electrical and Information Engineering, Tianjin University, Tianjin, 300110, China"", ""institution_ids"": [""https://openalex.org/I162868743""]}]","[""CN""]",CN,China,Tianjin,CN-tianjin,Tianjin,39.14222,117.17667,institution_geo,https://api.openalex.org/institutions/I162868743,OpenAlex institution.geo.region,,,institution_city_point,False,True
W4413754711,10.1109/tsg.2025.3601238,End-to-End Stochastic Predict-Then-Optimize for Cost-Efficient Water-Energy Resource Scheduling,2025,1,A5087893108,Shunyu Wu,https://orcid.org/0000-0001-9856-2148,first,I1327237609,Ministry of Education of the People's Republic of China,government,https://ror.org/01mv9t934,"[""School of Automation and Intelligent Sensing and the Key Laboratory of System Control and Information Processing, Ministry of Education of China, Shanghai Jiao Tong University, Shanghai, China"", ""Shanghai Jiao Tong University, School of Automation and Intelligent Sensing, the Key Laboratory of System Control and Information Processing, Ministry of Education of China, China""]","[{""raw_affiliation_string"": ""School of Automation and Intelligent Sensing and the Key Laboratory of System Control and Information Processing, Ministry of Education of China, Shanghai Jiao Tong University, Shanghai, China"", ""institution_ids"": [""https://openalex.org/I183067930""]}, {""raw_affiliation_string"": ""Shanghai Jiao Tong University, School of Automation and Intelligent Sensing, the Key Laboratory of System Control and Information Processing, Ministry of Education of China, China"", ""institution_ids"": [""https://openalex.org/I1327237609""]}]","[""CN""]",CN,China,Beijing,CN-beijing,Beijing,39.9075,116.39723,excluded_sponsor_parent_with_university,https://api.openalex.org/institutions/I1327237609,OpenAlex institution.geo.region,,,institution_city_point,True,False
W4413754711,10.1109/tsg.2025.3601238,End-to-End Stochastic Predict-Then-Optimize for Cost-Efficient Water-Energy Resource Scheduling,2025,1,A5087893108,Shunyu Wu,https://orcid.org/0000-0001-9856-2148,first,I183067930,Shanghai Jiao Tong University,education,https://ror.org/0220qvk04,"[""School of Automation and Intelligent Sensing and the Key Laboratory of System Control and Information Processing, Ministry of Education of China, Shanghai Jiao Tong University, Shanghai, China"", ""Shanghai Jiao Tong University, School of Automation and Intelligent Sensing, the Key Laboratory of System Control and Information Processing, Ministry of Education of China, China""]","[{""raw_affiliation_string"": ""School of Automation and Intelligent Sensing and the Key Laboratory of System Control and Information Processing, Ministry of Education of China, Shanghai Jiao Tong University, Shanghai, China"", ""institution_ids"": [""https://openalex.org/I183067930""]}, {""raw_affiliation_string"": ""Shanghai Jiao Tong University, School of Automation and Intelligent Sensing, the Key Laboratory of System Control and Information Processing, Ministry of Education of China, China"", ""institution_ids"": [""https://openalex.org/I1327237609""]}]","[""CN""]",CN,China,Shanghai,CN-shanghai,Shanghai,31.22222,121.45806,institution_geo,https://api.openalex.org/institutions/I183067930,OpenAlex institution.geo.region,,,institution_city_point,True,False
W4413754711,10.1109/tsg.2025.3601238,End-to-End Stochastic Predict-Then-Optimize for Cost-Efficient Water-Energy Resource Scheduling,2025,2,A5100777024,Jingcheng Wang,https://orcid.org/0000-0002-4277-1263,middle,I1327237609,Ministry of Education of the People's Republic of China,government,https://ror.org/01mv9t934,"[""School of Automation and Intelligent Sensing and the Key Laboratory of System Control and Information Processing, Ministry of Education of China, Shanghai Jiao Tong University, Shanghai, China"", ""Shanghai Jiao Tong University, School of Automation and Intelligent Sensing, the Key Laboratory of System Control and Information Processing, Ministry of Education of China, China""]","[{""raw_affiliation_string"": ""School of Automation and Intelligent Sensing and the Key Laboratory of System Control and Information Processing, Ministry of Education of China, Shanghai Jiao Tong University, Shanghai, China"", ""institution_ids"": [""https://openalex.org/I183067930""]}, {""raw_affiliation_string"": ""Shanghai Jiao Tong University, School of Automation and Intelligent Sensing, the Key Laboratory of System Control and Information Processing, Ministry of Education of China, China"", ""institution_ids"": [""https://openalex.org/I1327237609""]}]","[""CN""]",CN,China,Beijing,CN-beijing,Beijing,39.9075,116.39723,excluded_sponsor_parent_with_university,https://api.openalex.org/institutions/I1327237609,OpenAlex institution.geo.region,,,institution_city_point,True,False
W4413754711,10.1109/tsg.2025.3601238,End-to-End Stochastic Predict-Then-Optimize for Cost-Efficient Water-Energy Resource Scheduling,2025,2,A5100777024,Jingcheng Wang,https://orcid.org/0000-0002-4277-1263,middle,I183067930,Shanghai Jiao Tong University,education,https://ror.org/0220qvk04,"[""School of Automation and Intelligent Sensing and the Key Laboratory of System Control and Information Processing, Ministry of Education of China, Shanghai Jiao Tong University, Shanghai, China"", ""Shanghai Jiao Tong University, School of Automation and Intelligent Sensing, the Key Laboratory of System Control and Information Processing, Ministry of Education of China, China""]","[{""raw_affiliation_string"": ""School of Automation and Intelligent Sensing and the Key Laboratory of System Control and Information Processing, Ministry of Education of China, Shanghai Jiao Tong University, Shanghai, China"", ""institution_ids"": [""https://openalex.org/I183067930""]}, {""raw_affiliation_string"": ""Shanghai Jiao Tong University, School of Automation and Intelligent Sensing, the Key Laboratory of System Control and Information Processing, Ministry of Education of China, China"", ""institution_ids"": [""https://openalex.org/I1327237609""]}]","[""CN""]",CN,China,Shanghai,CN-shanghai,Shanghai,31.22222,121.45806,institution_geo,https://api.openalex.org/institutions/I183067930,OpenAlex institution.geo.region,,,institution_city_point,True,False
W4413754711,10.1109/tsg.2025.3601238,End-to-End Stochastic Predict-Then-Optimize for Cost-Efficient Water-Energy Resource Scheduling,2025,3,A5040505108,Haotian Xu,https://orcid.org/0000-0002-2180-6148,middle,I154099455,Shandong University,education,https://ror.org/0207yh398,"[""School of Control Science and Engineering, Shandong University, Jinan, China""]","[{""raw_affiliation_string"": ""School of Control Science and Engineering, Shandong University, Jinan, China"", ""institution_ids"": [""https://openalex.org/I154099455""]}]","[""CN""]",CN,China,Shandong,CN-shandong,Jinan,36.66833,116.99722,institution_geo,https://api.openalex.org/institutions/I154099455,OpenAlex institution.geo.region,,,institution_city_point,True,False
W4413754711,10.1109/tsg.2025.3601238,End-to-End Stochastic Predict-Then-Optimize for Cost-Efficient Water-Energy Resource Scheduling,2025,4,A5023069826,Yanjiu Zhong,,middle,I16365422,Hefei University of Technology,education,https://ror.org/02czkny70,"[""School of Management, Hefei University of Technology, Hefei, Anhui, China"", ""School of Management, Hefei University of Technology, Hefei, Anhui, PR China""]","[{""raw_affiliation_string"": ""School of Management, Hefei University of Technology, Hefei, Anhui, China"", ""institution_ids"": [""https://openalex.org/I16365422""]}, {""raw_affiliation_string"": ""School of Management, Hefei University of Technology, Hefei, Anhui, PR China"", ""institution_ids"": [""https://openalex.org/I16365422""]}]","[""CN""]",CN,China,Anhui,CN-anhui,Hefei,31.863889694213867,117.28083038330078,institution_geo,https://api.openalex.org/institutions/I16365422,Natural Earth v5.1.2 point-in-polygon using institution city coordinates,https://raw.githubusercontent.com/nvkelso/natural-earth-vector/v5.1.2/geojson/ne_10m_admin_1_states_provinces.geojson,CN-AH,institution_city_point,True,False
W4413754711,10.1109/tsg.2025.3601238,End-to-End Stochastic Predict-Then-Optimize for Cost-Efficient Water-Energy Resource Scheduling,2025,5,A5018604914,Jun Rao,https://orcid.org/0000-0002-7467-4898,last,I1327237609,Ministry of Education of the People's Republic of China,government,https://ror.org/01mv9t934,"[""School of Automation and Intelligent Sensing and the Key Laboratory of System Control and Information Processing, Ministry of Education of China, Shanghai Jiao Tong University, Shanghai, China"", ""Shanghai Jiao Tong University, School of Automation and Intelligent Sensing, the Key Laboratory of System Control and Information Processing, Ministry of Education of China, China""]","[{""raw_affiliation_string"": ""School of Automation and Intelligent Sensing and the Key Laboratory of System Control and Information Processing, Ministry of Education of China, Shanghai Jiao Tong University, Shanghai, China"", ""institution_ids"": [""https://openalex.org/I183067930""]}, {""raw_affiliation_string"": ""Shanghai Jiao Tong University, School of Automation and Intelligent Sensing, the Key Laboratory of System Control and Information Processing, Ministry of Education of China, China"", ""institution_ids"": [""https://openalex.org/I1327237609""]}]","[""CN""]",CN,China,Beijing,CN-beijing,Beijing,39.9075,116.39723,excluded_sponsor_parent_with_university,https://api.openalex.org/institutions/I1327237609,OpenAlex institution.geo.region,,,institution_city_point,True,False
W4413754711,10.1109/tsg.2025.3601238,End-to-End Stochastic Predict-Then-Optimize for Cost-Efficient Water-Energy Resource Scheduling,2025,5,A5018604914,Jun Rao,https://orcid.org/0000-0002-7467-4898,last,I183067930,Shanghai Jiao Tong University,education,https://ror.org/0220qvk04,"[""School of Automation and Intelligent Sensing and the Key Laboratory of System Control and Information Processing, Ministry of Education of China, Shanghai Jiao Tong University, Shanghai, China"", ""Shanghai Jiao Tong University, School of Automation and Intelligent Sensing, the Key Laboratory of System Control and Information Processing, Ministry of Education of China, China""]","[{""raw_affiliation_string"": ""School of Automation and Intelligent Sensing and the Key Laboratory of System Control and Information Processing, Ministry of Education of China, Shanghai Jiao Tong University, Shanghai, China"", ""institution_ids"": [""https://openalex.org/I183067930""]}, {""raw_affiliation_string"": ""Shanghai Jiao Tong University, School of Automation and Intelligent Sensing, the Key Laboratory of System Control and Information Processing, Ministry of Education of China, China"", ""institution_ids"": [""https://openalex.org/I1327237609""]}]","[""CN""]",CN,China,Shanghai,CN-shanghai,Shanghai,31.22222,121.45806,institution_geo,https://api.openalex.org/institutions/I183067930,OpenAlex institution.geo.region,,,institution_city_point,True,False
W4414533421,10.1016/j.neunet.2025.108130,Fixed-time learning-based optimal tracking control for robotic systems with prescribed performance constraints,2025,1,A5017639281,Zhinan Peng,https://orcid.org/0000-0003-2239-4920,first,I150229711,University of Electronic Science and Technology of China,education,https://ror.org/04qr3zq92,"[""School of Automation Engineering, University of Electronic Science and Technology of China, Chengdu, 611731, China. Electronic address: zhinanpeng@uestc.edu.cn""]","[{""raw_affiliation_string"": ""School of Automation Engineering, University of Electronic Science and Technology of China, Chengdu, 611731, China. Electronic address: zhinanpeng@uestc.edu.cn"", ""institution_ids"": [""https://openalex.org/I150229711""]}]","[""CN""]",CN,China,Sichuan,CN-sichuan,Chengdu,30.666669845581055,104.0666732788086,institution_geo,https://api.openalex.org/institutions/I150229711,Natural Earth v5.1.2 point-in-polygon using institution city coordinates,https://raw.githubusercontent.com/nvkelso/natural-earth-vector/v5.1.2/geojson/ne_10m_admin_1_states_provinces.geojson,CN-SC,institution_city_point,False,True
W4414533421,10.1016/j.neunet.2025.108130,Fixed-time learning-based optimal tracking control for robotic systems with prescribed performance constraints,2025,2,A5100432037,Xingyu Zhang,https://orcid.org/0000-0002-8331-3613,middle,I150229711,University of Electronic Science and Technology of China,education,https://ror.org/04qr3zq92,"[""School of Automation Engineering, University of Electronic Science and Technology of China, Chengdu, 611731, China""]","[{""raw_affiliation_string"": ""School of Automation Engineering, University of Electronic Science and Technology of China, Chengdu, 611731, China"", ""institution_ids"": [""https://openalex.org/I150229711""]}]","[""CN""]",CN,China,Sichuan,CN-sichuan,Chengdu,30.666669845581055,104.0666732788086,institution_geo,https://api.openalex.org/institutions/I150229711,Natural Earth v5.1.2 point-in-polygon using institution city coordinates,https://raw.githubusercontent.com/nvkelso/natural-earth-vector/v5.1.2/geojson/ne_10m_admin_1_states_provinces.geojson,CN-SC,institution_city_point,False,True
W4414533421,10.1016/j.neunet.2025.108130,Fixed-time learning-based optimal tracking control for robotic systems with prescribed performance constraints,2025,3,,Zhuo Xia,,middle,I150229711,University of Electronic Science and Technology of China,education,https://ror.org/04qr3zq92,"[""School of Automation Engineering, University of Electronic Science and Technology of China, Chengdu, 611731, China""]","[{""raw_affiliation_string"": ""School of Automation Engineering, University of Electronic Science and Technology of China, Chengdu, 611731, China"", ""institution_ids"": [""https://openalex.org/I150229711""]}]","[""CN""]",CN,China,Sichuan,CN-sichuan,Chengdu,30.666669845581055,104.0666732788086,institution_geo,https://api.openalex.org/institutions/I150229711,Natural Earth v5.1.2 point-in-polygon using institution city coordinates,https://raw.githubusercontent.com/nvkelso/natural-earth-vector/v5.1.2/geojson/ne_10m_admin_1_states_provinces.geojson,CN-SC,institution_city_point,False,True
W4414533421,10.1016/j.neunet.2025.108130,Fixed-time learning-based optimal tracking control for robotic systems with prescribed performance constraints,2025,4,A5042734867,Hao Lin,https://orcid.org/0000-0002-2264-243X,middle,I150229711,University of Electronic Science and Technology of China,education,https://ror.org/04qr3zq92,"[""School of Automation Engineering, University of Electronic Science and Technology of China, Chengdu, 611731, China""]","[{""raw_affiliation_string"": ""School of Automation Engineering, University of Electronic Science and Technology of China, Chengdu, 611731, China"", ""institution_ids"": [""https://openalex.org/I150229711""]}]","[""CN""]",CN,China,Sichuan,CN-sichuan,Chengdu,30.666669845581055,104.0666732788086,institution_geo,https://api.openalex.org/institutions/I150229711,Natural Earth v5.1.2 point-in-polygon using institution city coordinates,https://raw.githubusercontent.com/nvkelso/natural-earth-vector/v5.1.2/geojson/ne_10m_admin_1_states_provinces.geojson,CN-SC,institution_city_point,False,True
W4414533421,10.1016/j.neunet.2025.108130,Fixed-time learning-based optimal tracking control for robotic systems with prescribed performance constraints,2025,5,A5082519745,Linpu He,,middle,I150229711,University of Electronic Science and Technology of China,education,https://ror.org/04qr3zq92,"[""School of Aeronautics and Astronautics, University of Electronic Science and Technology of China, Chengdu, 611731, China""]","[{""raw_affiliation_string"": ""School of Aeronautics and Astronautics, University of Electronic Science and Technology of China, Chengdu, 611731, China"", ""institution_ids"": [""https://openalex.org/I150229711""]}]","[""CN""]",CN,China,Sichuan,CN-sichuan,Chengdu,30.666669845581055,104.0666732788086,institution_geo,https://api.openalex.org/institutions/I150229711,Natural Earth v5.1.2 point-in-polygon using institution city coordinates,https://raw.githubusercontent.com/nvkelso/natural-earth-vector/v5.1.2/geojson/ne_10m_admin_1_states_provinces.geojson,CN-SC,institution_city_point,False,True
W4414533421,10.1016/j.neunet.2025.108130,Fixed-time learning-based optimal tracking control for robotic systems with prescribed performance constraints,2025,6,A5085614235,Hong Cheng,https://orcid.org/0000-0002-4943-9060,last,I150229711,University of Electronic Science and Technology of China,education,https://ror.org/04qr3zq92,"[""School of Automation Engineering, University of Electronic Science and Technology of China, Chengdu, 611731, China""]","[{""raw_affiliation_string"": ""School of Automation Engineering, University of Electronic Science and Technology of China, Chengdu, 611731, China"", ""institution_ids"": [""https://openalex.org/I150229711""]}]","[""CN""]",CN,China,Sichuan,CN-sichuan,Chengdu,30.666669845581055,104.0666732788086,institution_geo,https://api.openalex.org/institutions/I150229711,Natural Earth v5.1.2 point-in-polygon using institution city coordinates,https://raw.githubusercontent.com/nvkelso/natural-earth-vector/v5.1.2/geojson/ne_10m_admin_1_states_provinces.geojson,CN-SC,institution_city_point,False,True
W4407019097,10.1007/s10462-024-11093-7,"Machine learning for smart water distribution systems: exploring applications, challenges and future perspectives",2025,1,A5098316355,Redemptor Jr Laceda Taloma,,first,I861853513,Sapienza University of Rome,education,https://ror.org/02be6w209,"[""Sapienza University of Rome, Rome, Italy""]","[{""raw_affiliation_string"": ""Sapienza University of Rome, Rome, Italy"", ""institution_ids"": [""https://openalex.org/I861853513""]}]","[""IT""]",IT,Italy,Lazio,IT-lazio,Rome,41.89193,12.51133,institution_geo,https://api.openalex.org/institutions/I861853513,OpenAlex institution.geo.region,,,institution_city_point,False,True
W4407019097,10.1007/s10462-024-11093-7,"Machine learning for smart water distribution systems: exploring applications, challenges and future perspectives",2025,2,A5022341678,Francesca Cuomo,https://orcid.org/0000-0002-9122-7993,middle,I4210099310,Consorzio Nazionale Interuniversitario per le Telecomunicazioni,funder,https://ror.org/0182a5n39,"[""National Inter-University Consortium for Telecommunications (CNIT), Parma, Italy"", ""Sapienza University of Rome, Rome, Italy""]","[{""raw_affiliation_string"": ""National Inter-University Consortium for Telecommunications (CNIT), Parma, Italy"", ""institution_ids"": [""https://openalex.org/I4210099310""]}, {""raw_affiliation_string"": ""Sapienza University of Rome, Rome, Italy"", ""institution_ids"": [""https://openalex.org/I861853513""]}]","[""IT""]",IT,Italy,Emilia-Romagna,IT-emilia-romagna,Parma,44.79935073852539,10.326180458068848,institution_geo,https://api.openalex.org/institutions/I4210099310,Regional government lists Parma within Emilia-Romagna; normalize the Natural Earth province to the first-order region.,https://www.regione.emilia-romagna.it/autonomie-locali/unioni-di-comuni/geografia/mappa-delle-forme-associative,,institution_city_point,False,True
W4407019097,10.1007/s10462-024-11093-7,"Machine learning for smart water distribution systems: exploring applications, challenges and future perspectives",2025,2,A5022341678,Francesca Cuomo,https://orcid.org/0000-0002-9122-7993,middle,I861853513,Sapienza University of Rome,education,https://ror.org/02be6w209,"[""National Inter-University Consortium for Telecommunications (CNIT), Parma, Italy"", ""Sapienza University of Rome, Rome, Italy""]","[{""raw_affiliation_string"": ""National Inter-University Consortium for Telecommunications (CNIT), Parma, Italy"", ""institution_ids"": [""https://openalex.org/I4210099310""]}, {""raw_affiliation_string"": ""Sapienza University of Rome, Rome, Italy"", ""institution_ids"": [""https://openalex.org/I861853513""]}]","[""IT""]",IT,Italy,Lazio,IT-lazio,Rome,41.89193,12.51133,institution_geo,https://api.openalex.org/institutions/I861853513,OpenAlex institution.geo.region,,,institution_city_point,False,True
W4407019097,10.1007/s10462-024-11093-7,"Machine learning for smart water distribution systems: exploring applications, challenges and future perspectives",2025,3,A5019647783,Danilo Comminiello,https://orcid.org/0000-0003-4067-4504,middle,I861853513,Sapienza University of Rome,education,https://ror.org/02be6w209,"[""Sapienza University of Rome, Rome, Italy""]","[{""raw_affiliation_string"": ""Sapienza University of Rome, Rome, Italy"", ""institution_ids"": [""https://openalex.org/I861853513""]}]","[""IT""]",IT,Italy,Lazio,IT-lazio,Rome,41.89193,12.51133,institution_geo,https://api.openalex.org/institutions/I861853513,OpenAlex institution.geo.region,,,institution_city_point,False,True
W4407019097,10.1007/s10462-024-11093-7,"Machine learning for smart water distribution systems: exploring applications, challenges and future perspectives",2025,4,A5110606442,P. Pisani,,last,,,,,"[""Unidata S.p.A., Rome, Italy""]","[{""raw_affiliation_string"": ""Unidata S.p.A., Rome, Italy"", ""institution_ids"": []}]",[],,,,,,,,unresolved_institution,,,,,unavailable,False,False
W4406802685,10.3934/era.2025019,Mechanism- and data-driven algorithms of electrical energy consumption accounting and prediction for medium and heavy plate rolling,2025,1,A5035031033,Qiang Guo,https://orcid.org/0000-0003-0646-5071,first,I92403157,University of Science and Technology Beijing,education,https://ror.org/02egmk993,"[""National Engineering Research Center for Advanced Rolling and Intelligent Manufacturing, University of Science and Technology Beijing, Beijing 100083, China""]","[{""raw_affiliation_string"": ""National Engineering Research Center for Advanced Rolling and Intelligent Manufacturing, University of Science and Technology Beijing, Beijing 100083, China"", ""institution_ids"": [""https://openalex.org/I92403157""]}]","[""CN""]",CN,China,Beijing,CN-beijing,Beijing,39.9075,116.39723,institution_geo,https://api.openalex.org/institutions/I92403157,OpenAlex institution.geo.region,,,institution_city_point,False,True
W4406802685,10.3934/era.2025019,Mechanism- and data-driven algorithms of electrical energy consumption accounting and prediction for medium and heavy plate rolling,2025,2,A5025167300,Zimeng Zhou,https://orcid.org/0000-0002-6683-3991,middle,I92403157,University of Science and Technology Beijing,education,https://ror.org/02egmk993,"[""School of Automation and Electrical Engineering, University of Science and Technology Beijing, Beijing 100083, China""]","[{""raw_affiliation_string"": ""School of Automation and Electrical Engineering, University of Science and Technology Beijing, Beijing 100083, China"", ""institution_ids"": [""https://openalex.org/I92403157""]}]","[""CN""]",CN,China,Beijing,CN-beijing,Beijing,39.9075,116.39723,institution_geo,https://api.openalex.org/institutions/I92403157,OpenAlex institution.geo.region,,,institution_city_point,False,True
W4406802685,10.3934/era.2025019,Mechanism- and data-driven algorithms of electrical energy consumption accounting and prediction for medium and heavy plate rolling,2025,3,A5100600377,Jie Li,https://orcid.org/0009-0004-3266-6832,middle,I92403157,University of Science and Technology Beijing,education,https://ror.org/02egmk993,"[""National Engineering Research Center for Advanced Rolling and Intelligent Manufacturing, University of Science and Technology Beijing, Beijing 100083, China""]","[{""raw_affiliation_string"": ""National Engineering Research Center for Advanced Rolling and Intelligent Manufacturing, University of Science and Technology Beijing, Beijing 100083, China"", ""institution_ids"": [""https://openalex.org/I92403157""]}]","[""CN""]",CN,China,Beijing,CN-beijing,Beijing,39.9075,116.39723,institution_geo,https://api.openalex.org/institutions/I92403157,OpenAlex institution.geo.region,,,institution_city_point,False,True
W4406802685,10.3934/era.2025019,Mechanism- and data-driven algorithms of electrical energy consumption accounting and prediction for medium and heavy plate rolling,2025,4,A5005981141,Fengwei Jing,https://orcid.org/0000-0001-7683-8908,last,I92403157,University of Science and Technology Beijing,education,https://ror.org/02egmk993,"[""National Engineering Research Center for Advanced Rolling and Intelligent Manufacturing, University of Science and Technology Beijing, Beijing 100083, China""]","[{""raw_affiliation_string"": ""National Engineering Research Center for Advanced Rolling and Intelligent Manufacturing, University of Science and Technology Beijing, Beijing 100083, China"", ""institution_ids"": [""https://openalex.org/I92403157""]}]","[""CN""]",CN,China,Beijing,CN-beijing,Beijing,39.9075,116.39723,institution_geo,https://api.openalex.org/institutions/I92403157,OpenAlex institution.geo.region,,,institution_city_point,False,True
W4415220578,10.1016/j.eswa.2025.130016,Multi-objective load distribution in strip hot rolling with multiple roller profiles based on RPK-Net and a distributed TDADE algorithm,2025,1,A5000872966,Yanjiu Zhong,https://orcid.org/0000-0002-4361-9378,first,I143868143,Anhui University,education,https://ror.org/05th6yx34,"[""Ministry of Education Engineering Research Center for Intelligent Decision-Making & Information System Technologies, Hefei, 230009, Anhui, China"", ""School of Management, Hefei University of Technology, Hefei, 230009, Anhui, China""]","[{""raw_affiliation_string"": ""Ministry of Education Engineering Research Center for Intelligent Decision-Making & Information System Technologies, Hefei, 230009, Anhui, China"", ""institution_ids"": [""https://openalex.org/I143868143""]}, {""raw_affiliation_string"": ""School of Management, Hefei University of Technology, Hefei, 230009, Anhui, China"", ""institution_ids"": [""https://openalex.org/I16365422""]}]","[""CN""]",CN,China,Anhui,CN-anhui,Hefei,31.863889694213867,117.28083038330078,institution_geo,https://api.openalex.org/institutions/I143868143,Natural Earth v5.1.2 point-in-polygon using institution city coordinates,https://raw.githubusercontent.com/nvkelso/natural-earth-vector/v5.1.2/geojson/ne_10m_admin_1_states_provinces.geojson,CN-AH,institution_city_point,False,True
W4415220578,10.1016/j.eswa.2025.130016,Multi-objective load distribution in strip hot rolling with multiple roller profiles based on RPK-Net and a distributed TDADE algorithm,2025,1,A5000872966,Yanjiu Zhong,https://orcid.org/0000-0002-4361-9378,first,I16365422,Hefei University of Technology,education,https://ror.org/02czkny70,"[""Ministry of Education Engineering Research Center for Intelligent Decision-Making & Information System Technologies, Hefei, 230009, Anhui, China"", ""School of Management, Hefei University of Technology, Hefei, 230009, Anhui, China""]","[{""raw_affiliation_string"": ""Ministry of Education Engineering Research Center for Intelligent Decision-Making & Information System Technologies, Hefei, 230009, Anhui, China"", ""institution_ids"": [""https://openalex.org/I143868143""]}, {""raw_affiliation_string"": ""School of Management, Hefei University of Technology, Hefei, 230009, Anhui, China"", ""institution_ids"": [""https://openalex.org/I16365422""]}]","[""CN""]",CN,China,Anhui,CN-anhui,Hefei,31.863889694213867,117.28083038330078,institution_geo,https://api.openalex.org/institutions/I16365422,Natural Earth v5.1.2 point-in-polygon using institution city coordinates,https://raw.githubusercontent.com/nvkelso/natural-earth-vector/v5.1.2/geojson/ne_10m_admin_1_states_provinces.geojson,CN-AH,institution_city_point,False,True
W4415220578,10.1016/j.eswa.2025.130016,Multi-objective load distribution in strip hot rolling with multiple roller profiles based on RPK-Net and a distributed TDADE algorithm,2025,2,A5100381990,Qiang Zhang,https://orcid.org/0000-0003-2947-1351,middle,I143868143,Anhui University,education,https://ror.org/05th6yx34,"[""Ministry of Education Engineering Research Center for Intelligent Decision-Making & Information System Technologies, Hefei, 230009, Anhui, China"", ""School of Management, Hefei University of Technology, Hefei, 230009, Anhui, China""]","[{""raw_affiliation_string"": ""Ministry of Education Engineering Research Center for Intelligent Decision-Making & Information System Technologies, Hefei, 230009, Anhui, China"", ""institution_ids"": [""https://openalex.org/I143868143""]}, {""raw_affiliation_string"": ""School of Management, Hefei University of Technology, Hefei, 230009, Anhui, China"", ""institution_ids"": [""https://openalex.org/I16365422""]}]","[""CN""]",CN,China,Anhui,CN-anhui,Hefei,31.863889694213867,117.28083038330078,institution_geo,https://api.openalex.org/institutions/I143868143,Natural Earth v5.1.2 point-in-polygon using institution city coordinates,https://raw.githubusercontent.com/nvkelso/natural-earth-vector/v5.1.2/geojson/ne_10m_admin_1_states_provinces.geojson,CN-AH,institution_city_point,False,True
W4415220578,10.1016/j.eswa.2025.130016,Multi-objective load distribution in strip hot rolling with multiple roller profiles based on RPK-Net and a distributed TDADE algorithm,2025,2,A5100381990,Qiang Zhang,https://orcid.org/0000-0003-2947-1351,middle,I16365422,Hefei University of Technology,education,https://ror.org/02czkny70,"[""Ministry of Education Engineering Research Center for Intelligent Decision-Making & Information System Technologies, Hefei, 230009, Anhui, China"", ""School of Management, Hefei University of Technology, Hefei, 230009, Anhui, China""]","[{""raw_affiliation_string"": ""Ministry of Education Engineering Research Center for Intelligent Decision-Making & Information System Technologies, Hefei, 230009, Anhui, China"", ""institution_ids"": [""https://openalex.org/I143868143""]}, {""raw_affiliation_string"": ""School of Management, Hefei University of Technology, Hefei, 230009, Anhui, China"", ""institution_ids"": [""https://openalex.org/I16365422""]}]","[""CN""]",CN,China,Anhui,CN-anhui,Hefei,31.863889694213867,117.28083038330078,institution_geo,https://api.openalex.org/institutions/I16365422,Natural Earth v5.1.2 point-in-polygon using institution city coordinates,https://raw.githubusercontent.com/nvkelso/natural-earth-vector/v5.1.2/geojson/ne_10m_admin_1_states_provinces.geojson,CN-AH,institution_city_point,False,True
W4415220578,10.1016/j.eswa.2025.130016,Multi-objective load distribution in strip hot rolling with multiple roller profiles based on RPK-Net and a distributed TDADE algorithm,2025,3,,Shuai Chen,,middle,I143868143,Anhui University,education,https://ror.org/05th6yx34,"[""Ministry of Education Engineering Research Center for Intelligent Decision-Making & Information System Technologies, Hefei, 230009, Anhui, China"", ""School of Management, Hefei University of Technology, Hefei, 230009, Anhui, China""]","[{""raw_affiliation_string"": ""Ministry of Education Engineering Research Center for Intelligent Decision-Making & Information System Technologies, Hefei, 230009, Anhui, China"", ""institution_ids"": [""https://openalex.org/I143868143""]}, {""raw_affiliation_string"": ""School of Management, Hefei University of Technology, Hefei, 230009, Anhui, China"", ""institution_ids"": [""https://openalex.org/I16365422""]}]","[""CN""]",CN,China,Anhui,CN-anhui,Hefei,31.863889694213867,117.28083038330078,institution_geo,https://api.openalex.org/institutions/I143868143,Natural Earth v5.1.2 point-in-polygon using institution city coordinates,https://raw.githubusercontent.com/nvkelso/natural-earth-vector/v5.1.2/geojson/ne_10m_admin_1_states_provinces.geojson,CN-AH,institution_city_point,False,True
W4415220578,10.1016/j.eswa.2025.130016,Multi-objective load distribution in strip hot rolling with multiple roller profiles based on RPK-Net and a distributed TDADE algorithm,2025,3,,Shuai Chen,,middle,I16365422,Hefei University of Technology,education,https://ror.org/02czkny70,"[""Ministry of Education Engineering Research Center for Intelligent Decision-Making & Information System Technologies, Hefei, 230009, Anhui, China"", ""School of Management, Hefei University of Technology, Hefei, 230009, Anhui, China""]","[{""raw_affiliation_string"": ""Ministry of Education Engineering Research Center for Intelligent Decision-Making & Information System Technologies, Hefei, 230009, Anhui, China"", ""institution_ids"": [""https://openalex.org/I143868143""]}, {""raw_affiliation_string"": ""School of Management, Hefei University of Technology, Hefei, 230009, Anhui, China"", ""institution_ids"": [""https://openalex.org/I16365422""]}]","[""CN""]",CN,China,Anhui,CN-anhui,Hefei,31.863889694213867,117.28083038330078,institution_geo,https://api.openalex.org/institutions/I16365422,Natural Earth v5.1.2 point-in-polygon using institution city coordinates,https://raw.githubusercontent.com/nvkelso/natural-earth-vector/v5.1.2/geojson/ne_10m_admin_1_states_provinces.geojson,CN-AH,institution_city_point,False,True
W4415220578,10.1016/j.eswa.2025.130016,Multi-objective load distribution in strip hot rolling with multiple roller profiles based on RPK-Net and a distributed TDADE algorithm,2025,4,A5100764804,Keke Li,https://orcid.org/0000-0003-0881-858X,middle,I143868143,Anhui University,education,https://ror.org/05th6yx34,"[""Ministry of Education Engineering Research Center for Intelligent Decision-Making & Information System Technologies, Hefei, 230009, Anhui, China"", ""School of Management, Hefei University of Technology, Hefei, 230009, Anhui, China""]","[{""raw_affiliation_string"": ""Ministry of Education Engineering Research Center for Intelligent Decision-Making & Information System Technologies, Hefei, 230009, Anhui, China"", ""institution_ids"": [""https://openalex.org/I143868143""]}, {""raw_affiliation_string"": ""School of Management, Hefei University of Technology, Hefei, 230009, Anhui, China"", ""institution_ids"": [""https://openalex.org/I16365422""]}]","[""CN""]",CN,China,Anhui,CN-anhui,Hefei,31.863889694213867,117.28083038330078,institution_geo,https://api.openalex.org/institutions/I143868143,Natural Earth v5.1.2 point-in-polygon using institution city coordinates,https://raw.githubusercontent.com/nvkelso/natural-earth-vector/v5.1.2/geojson/ne_10m_admin_1_states_provinces.geojson,CN-AH,institution_city_point,False,True
W4415220578,10.1016/j.eswa.2025.130016,Multi-objective load distribution in strip hot rolling with multiple roller profiles based on RPK-Net and a distributed TDADE algorithm,2025,4,A5100764804,Keke Li,https://orcid.org/0000-0003-0881-858X,middle,I16365422,Hefei University of Technology,education,https://ror.org/02czkny70,"[""Ministry of Education Engineering Research Center for Intelligent Decision-Making & Information System Technologies, Hefei, 230009, Anhui, China"", ""School of Management, Hefei University of Technology, Hefei, 230009, Anhui, China""]","[{""raw_affiliation_string"": ""Ministry of Education Engineering Research Center for Intelligent Decision-Making & Information System Technologies, Hefei, 230009, Anhui, China"", ""institution_ids"": [""https://openalex.org/I143868143""]}, {""raw_affiliation_string"": ""School of Management, Hefei University of Technology, Hefei, 230009, Anhui, China"", ""institution_ids"": [""https://openalex.org/I16365422""]}]","[""CN""]",CN,China,Anhui,CN-anhui,Hefei,31.863889694213867,117.28083038330078,institution_geo,https://api.openalex.org/institutions/I16365422,Natural Earth v5.1.2 point-in-polygon using institution city coordinates,https://raw.githubusercontent.com/nvkelso/natural-earth-vector/v5.1.2/geojson/ne_10m_admin_1_states_provinces.geojson,CN-AH,institution_city_point,False,True
W4415220578,10.1016/j.eswa.2025.130016,Multi-objective load distribution in strip hot rolling with multiple roller profiles based on RPK-Net and a distributed TDADE algorithm,2025,5,A5005621104,Daye Yang,,middle,I183067930,Shanghai Jiao Tong University,education,https://ror.org/0220qvk04,"[""School of Automation and Perception, Shanghai Jiao Tong University, Shanghai, 200240, China""]","[{""raw_affiliation_string"": ""School of Automation and Perception, Shanghai Jiao Tong University, Shanghai, 200240, China"", ""institution_ids"": [""https://openalex.org/I183067930""]}]","[""CN""]",CN,China,Shanghai,CN-shanghai,Shanghai,31.22222,121.45806,institution_geo,https://api.openalex.org/institutions/I183067930,OpenAlex institution.geo.region,,,institution_city_point,False,True
W4415220578,10.1016/j.eswa.2025.130016,Multi-objective load distribution in strip hot rolling with multiple roller profiles based on RPK-Net and a distributed TDADE algorithm,2025,6,A5066232230,Linghui Hu,https://orcid.org/0000-0002-4678-3229,last,I4210132615,Zhejiang Energy Group (China),company,https://ror.org/03a2tkf74,"[""Hangzhou Oxygen Plant Group Company Limited, Hangzhou, 310000, Zhejiang, China""]","[{""raw_affiliation_string"": ""Hangzhou Oxygen Plant Group Company Limited, Hangzhou, 310000, Zhejiang, China"", ""institution_ids"": [""https://openalex.org/I4210132615""]}]","[""CN""]",CN,China,Zhejiang,CN-zhejiang,Hangzhou,30.272197723388672,120.13886260986328,institution_geo,https://api.openalex.org/institutions/I4210132615,Natural Earth v5.1.2 point-in-polygon using institution city coordinates,https://raw.githubusercontent.com/nvkelso/natural-earth-vector/v5.1.2/geojson/ne_10m_admin_1_states_provinces.geojson,CN-ZJ,institution_city_point,False,True
W4415624368,10.1109/tsmc.2025.3622967,Observer-Based Fuzzy Boundary Dissipative Control of Parabolic PDE System With Parameter Uncertainties Under Dynamic Quantization,2025,1,A5101440202,Teng‐Fei Li,https://orcid.org/0000-0002-5589-1950,first,I14894300,Foshan University,education,https://ror.org/02xvvvp28,"[""School of Mechatronic Engineering and Automation, Foshan University, Foshan, China""]","[{""raw_affiliation_string"": ""School of Mechatronic Engineering and Automation, Foshan University, Foshan, China"", ""institution_ids"": [""https://openalex.org/I14894300""]}]","[""CN""]",CN,China,Guangdong,CN-guangdong,Foshan,23.026769638061523,113.13147735595703,institution_geo,https://api.openalex.org/institutions/I14894300,Natural Earth v5.1.2 point-in-polygon using institution city coordinates,https://raw.githubusercontent.com/nvkelso/natural-earth-vector/v5.1.2/geojson/ne_10m_admin_1_states_provinces.geojson,CN-GD,institution_city_point,False,True
W4415624368,10.1109/tsmc.2025.3622967,Observer-Based Fuzzy Boundary Dissipative Control of Parabolic PDE System With Parameter Uncertainties Under Dynamic Quantization,2025,2,A5043967016,Xiao‐Heng Chang,https://orcid.org/0000-0002-6197-1623,middle,I43922553,Wuhan University of Science and Technology,education,https://ror.org/00e4hrk88,"[""School of Information Science and Engineering, Wuhan University of Science and Technology, Wuhan, China""]","[{""raw_affiliation_string"": ""School of Information Science and Engineering, Wuhan University of Science and Technology, Wuhan, China"", ""institution_ids"": [""https://openalex.org/I43922553""]}]","[""CN""]",CN,China,Hubei,CN-hubei,Wuhan,30.583330154418945,114.26667022705078,institution_geo,https://api.openalex.org/institutions/I43922553,Natural Earth v5.1.2 point-in-polygon using institution city coordinates,https://raw.githubusercontent.com/nvkelso/natural-earth-vector/v5.1.2/geojson/ne_10m_admin_1_states_provinces.geojson,CN-HB,institution_city_point,False,True
W4415624368,10.1109/tsmc.2025.3622967,Observer-Based Fuzzy Boundary Dissipative Control of Parabolic PDE System With Parameter Uncertainties Under Dynamic Quantization,2025,3,A5029473053,Ju H. Park,https://orcid.org/0000-0002-0218-2333,last,I55240360,Yeungnam University,education,https://ror.org/05yc6p159,"[""Department of Electrical Engineering, Yeungnam University, Gyeongsan, Republic of Korea""]","[{""raw_affiliation_string"": ""Department of Electrical Engineering, Yeungnam University, Gyeongsan, Republic of Korea"", ""institution_ids"": [""https://openalex.org/I55240360""]}]","[""KR""]",KR,South Korea,Daegu,KR-daegu,Daegu,35.87028,128.59111,institution_geo,https://api.openalex.org/institutions/I55240360,OpenAlex institution.geo.region,,,institution_city_point,False,True
W4412533860,10.1016/j.eswa.2025.128955,Optimizing supply chain operations using advanced Time-Series Mixer models for demand forecasting and inventory under uncertain demand,2025,1,A5101989452,Thị Ngọc Anh Nguyễn,https://orcid.org/0000-0002-6555-9740,first,I94518387,Hanoi University of Science and Technology,education,https://ror.org/04nyv3z04,"[""Faculty of Applied Mathematics and Informatics, Hanoi University of Science and Technology, No. 1, Dai Co Viet Road, Hanoi, 100000, Vietnam"", ""Institute for Digital Technology and Economy, Hanoi University of Science and Technology, No. 1, Dai Co Viet Road, Hanoi, 100000, Vietnam"", ""School of Economics and Management, Hanoi University of Science and Technology, No. 1, Dai Co Viet Road, Hanoi, 100000, Vietnam""]","[{""raw_affiliation_string"": ""Faculty of Applied Mathematics and Informatics, Hanoi University of Science and Technology, No. 1, Dai Co Viet Road, Hanoi, 100000, Vietnam"", ""institution_ids"": [""https://openalex.org/I94518387""]}, {""raw_affiliation_string"": ""Institute for Digital Technology and Economy, Hanoi University of Science and Technology, No. 1, Dai Co Viet Road, Hanoi, 100000, Vietnam"", ""institution_ids"": [""https://openalex.org/I94518387""]}, {""raw_affiliation_string"": ""School of Economics and Management, Hanoi University of Science and Technology, No. 1, Dai Co Viet Road, Hanoi, 100000, Vietnam"", ""institution_ids"": [""https://openalex.org/I94518387""]}]","[""VN""]",VN,Vietnam,Hanoi,VN-hanoi,Hanoi,21.0245,105.84117,institution_geo,https://api.openalex.org/institutions/I94518387,OpenAlex institution.geo.region,,,institution_city_point,False,True
W4412533860,10.1016/j.eswa.2025.128955,Optimizing supply chain operations using advanced Time-Series Mixer models for demand forecasting and inventory under uncertain demand,2025,2,A5101989452,Thị Ngọc Anh Nguyễn,https://orcid.org/0000-0002-6555-9740,middle,I94518387,Hanoi University of Science and Technology,education,https://ror.org/04nyv3z04,"[""Faculty of Applied Mathematics and Informatics, Hanoi University of Science and Technology, No. 1, Dai Co Viet Road, Hanoi, 100000, Vietnam"", ""Institute for Digital Technology and Economy, Hanoi University of Science and Technology, No. 1, Dai Co Viet Road, Hanoi, 100000, Vietnam"", ""School of Economics and Management, Hanoi University of Science and Technology, No. 1, Dai Co Viet Road, Hanoi, 100000, Vietnam""]","[{""raw_affiliation_string"": ""Faculty of Applied Mathematics and Informatics, Hanoi University of Science and Technology, No. 1, Dai Co Viet Road, Hanoi, 100000, Vietnam"", ""institution_ids"": [""https://openalex.org/I94518387""]}, {""raw_affiliation_string"": ""Institute for Digital Technology and Economy, Hanoi University of Science and Technology, No. 1, Dai Co Viet Road, Hanoi, 100000, Vietnam"", ""institution_ids"": [""https://openalex.org/I94518387""]}, {""raw_affiliation_string"": ""School of Economics and Management, Hanoi University of Science and Technology, No. 1, Dai Co Viet Road, Hanoi, 100000, Vietnam"", ""institution_ids"": [""https://openalex.org/I94518387""]}]","[""VN""]",VN,Vietnam,Hanoi,VN-hanoi,Hanoi,21.0245,105.84117,institution_geo,https://api.openalex.org/institutions/I94518387,OpenAlex institution.geo.region,,,institution_city_point,False,True
W4412533860,10.1016/j.eswa.2025.128955,Optimizing supply chain operations using advanced Time-Series Mixer models for demand forecasting and inventory under uncertain demand,2025,3,,Thi Xuan Hoa Nguyen,https://orcid.org/0000-0001-6846-5304,middle,I94518387,Hanoi University of Science and Technology,education,https://ror.org/04nyv3z04,"[""Faculty of Applied Mathematics and Informatics, Hanoi University of Science and Technology, No. 1, Dai Co Viet Road, Hanoi, 100000, Vietnam"", ""Institute for Digital Technology and Economy, Hanoi University of Science and Technology, No. 1, Dai Co Viet Road, Hanoi, 100000, Vietnam"", ""School of Economics and Management, Hanoi University of Science and Technology, No. 1, Dai Co Viet Road, Hanoi, 100000, Vietnam""]","[{""raw_affiliation_string"": ""Faculty of Applied Mathematics and Informatics, Hanoi University of Science and Technology, No. 1, Dai Co Viet Road, Hanoi, 100000, Vietnam"", ""institution_ids"": [""https://openalex.org/I94518387""]}, {""raw_affiliation_string"": ""Institute for Digital Technology and Economy, Hanoi University of Science and Technology, No. 1, Dai Co Viet Road, Hanoi, 100000, Vietnam"", ""institution_ids"": [""https://openalex.org/I94518387""]}, {""raw_affiliation_string"": ""School of Economics and Management, Hanoi University of Science and Technology, No. 1, Dai Co Viet Road, Hanoi, 100000, Vietnam"", ""institution_ids"": [""https://openalex.org/I94518387""]}]","[""VN""]",VN,Vietnam,Hanoi,VN-hanoi,Hanoi,21.0245,105.84117,institution_geo,https://api.openalex.org/institutions/I94518387,OpenAlex institution.geo.region,,,institution_city_point,False,True
W4412533860,10.1016/j.eswa.2025.128955,Optimizing supply chain operations using advanced Time-Series Mixer models for demand forecasting and inventory under uncertain demand,2025,4,,Thi Xuan Hoa Nguyen,https://orcid.org/0000-0001-6846-5304,middle,I94518387,Hanoi University of Science and Technology,education,https://ror.org/04nyv3z04,"[""Faculty of Applied Mathematics and Informatics, Hanoi University of Science and Technology, No. 1, Dai Co Viet Road, Hanoi, 100000, Vietnam"", ""Institute for Digital Technology and Economy, Hanoi University of Science and Technology, No. 1, Dai Co Viet Road, Hanoi, 100000, Vietnam"", ""School of Economics and Management, Hanoi University of Science and Technology, No. 1, Dai Co Viet Road, Hanoi, 100000, Vietnam""]","[{""raw_affiliation_string"": ""Faculty of Applied Mathematics and Informatics, Hanoi University of Science and Technology, No. 1, Dai Co Viet Road, Hanoi, 100000, Vietnam"", ""institution_ids"": [""https://openalex.org/I94518387""]}, {""raw_affiliation_string"": ""Institute for Digital Technology and Economy, Hanoi University of Science and Technology, No. 1, Dai Co Viet Road, Hanoi, 100000, Vietnam"", ""institution_ids"": [""https://openalex.org/I94518387""]}, {""raw_affiliation_string"": ""School of Economics and Management, Hanoi University of Science and Technology, No. 1, Dai Co Viet Road, Hanoi, 100000, Vietnam"", ""institution_ids"": [""https://openalex.org/I94518387""]}]","[""VN""]",VN,Vietnam,Hanoi,VN-hanoi,Hanoi,21.0245,105.84117,institution_geo,https://api.openalex.org/institutions/I94518387,OpenAlex institution.geo.region,,,institution_city_point,False,True
W4412533860,10.1016/j.eswa.2025.128955,Optimizing supply chain operations using advanced Time-Series Mixer models for demand forecasting and inventory under uncertain demand,2025,5,A5011509107,Ngoc Thang Tran,https://orcid.org/0000-0002-2117-8663,middle,I94518387,Hanoi University of Science and Technology,education,https://ror.org/04nyv3z04,"[""Faculty of Applied Mathematics and Informatics, Hanoi University of Science and Technology, No. 1, Dai Co Viet Road, Hanoi, 100000, Vietnam"", ""Institute for Digital Technology and Economy, Hanoi University of Science and Technology, No. 1, Dai Co Viet Road, Hanoi, 100000, Vietnam""]","[{""raw_affiliation_string"": ""Faculty of Applied Mathematics and Informatics, Hanoi University of Science and Technology, No. 1, Dai Co Viet Road, Hanoi, 100000, Vietnam"", ""institution_ids"": [""https://openalex.org/I94518387""]}, {""raw_affiliation_string"": ""Institute for Digital Technology and Economy, Hanoi University of Science and Technology, No. 1, Dai Co Viet Road, Hanoi, 100000, Vietnam"", ""institution_ids"": [""https://openalex.org/I94518387""]}]","[""VN""]",VN,Vietnam,Hanoi,VN-hanoi,Hanoi,21.0245,105.84117,institution_geo,https://api.openalex.org/institutions/I94518387,OpenAlex institution.geo.region,,,institution_city_point,False,True
W4412533860,10.1016/j.eswa.2025.128955,Optimizing supply chain operations using advanced Time-Series Mixer models for demand forecasting and inventory under uncertain demand,2025,6,A5043055153,Thi Ha Nguyen,https://orcid.org/0009-0003-7865-774X,middle,I94518387,Hanoi University of Science and Technology,education,https://ror.org/04nyv3z04,"[""Faculty of Applied Mathematics and Informatics, Hanoi University of Science and Technology, No. 1, Dai Co Viet Road, Hanoi, 100000, Vietnam"", ""Institute for Digital Technology and Economy, Hanoi University of Science and Technology, No. 1, Dai Co Viet Road, Hanoi, 100000, Vietnam"", ""School of Economics and Management, Hanoi University of Science and Technology, No. 1, Dai Co Viet Road, Hanoi, 100000, Vietnam""]","[{""raw_affiliation_string"": ""Faculty of Applied Mathematics and Informatics, Hanoi University of Science and Technology, No. 1, Dai Co Viet Road, Hanoi, 100000, Vietnam"", ""institution_ids"": [""https://openalex.org/I94518387""]}, {""raw_affiliation_string"": ""Institute for Digital Technology and Economy, Hanoi University of Science and Technology, No. 1, Dai Co Viet Road, Hanoi, 100000, Vietnam"", ""institution_ids"": [""https://openalex.org/I94518387""]}, {""raw_affiliation_string"": ""School of Economics and Management, Hanoi University of Science and Technology, No. 1, Dai Co Viet Road, Hanoi, 100000, Vietnam"", ""institution_ids"": [""https://openalex.org/I94518387""]}]","[""VN""]",VN,Vietnam,Hanoi,VN-hanoi,Hanoi,21.0245,105.84117,institution_geo,https://api.openalex.org/institutions/I94518387,OpenAlex institution.geo.region,,,institution_city_point,False,True
W4412533860,10.1016/j.eswa.2025.128955,Optimizing supply chain operations using advanced Time-Series Mixer models for demand forecasting and inventory under uncertain demand,2025,7,A5043055153,Thi Ha Nguyen,https://orcid.org/0009-0003-7865-774X,middle,I94518387,Hanoi University of Science and Technology,education,https://ror.org/04nyv3z04,"[""Faculty of Applied Mathematics and Informatics, Hanoi University of Science and Technology, No. 1, Dai Co Viet Road, Hanoi, 100000, Vietnam"", ""Institute for Digital Technology and Economy, Hanoi University of Science and Technology, No. 1, Dai Co Viet Road, Hanoi, 100000, Vietnam"", ""School of Economics and Management, Hanoi University of Science and Technology, No. 1, Dai Co Viet Road, Hanoi, 100000, Vietnam""]","[{""raw_affiliation_string"": ""Faculty of Applied Mathematics and Informatics, Hanoi University of Science and Technology, No. 1, Dai Co Viet Road, Hanoi, 100000, Vietnam"", ""institution_ids"": [""https://openalex.org/I94518387""]}, {""raw_affiliation_string"": ""Institute for Digital Technology and Economy, Hanoi University of Science and Technology, No. 1, Dai Co Viet Road, Hanoi, 100000, Vietnam"", ""institution_ids"": [""https://openalex.org/I94518387""]}, {""raw_affiliation_string"": ""School of Economics and Management, Hanoi University of Science and Technology, No. 1, Dai Co Viet Road, Hanoi, 100000, Vietnam"", ""institution_ids"": [""https://openalex.org/I94518387""]}]","[""VN""]",VN,Vietnam,Hanoi,VN-hanoi,Hanoi,21.0245,105.84117,institution_geo,https://api.openalex.org/institutions/I94518387,OpenAlex institution.geo.region,,,institution_city_point,False,True
W4412533860,10.1016/j.eswa.2025.128955,Optimizing supply chain operations using advanced Time-Series Mixer models for demand forecasting and inventory under uncertain demand,2025,8,A5115612870,Phuong Anh Nguyen,https://orcid.org/0009-0008-2538-0536,middle,I94518387,Hanoi University of Science and Technology,education,https://ror.org/04nyv3z04,"[""School of Economics and Management, Hanoi University of Science and Technology, No. 1, Dai Co Viet Road, Hanoi, 100000, Vietnam""]","[{""raw_affiliation_string"": ""School of Economics and Management, Hanoi University of Science and Technology, No. 1, Dai Co Viet Road, Hanoi, 100000, Vietnam"", ""institution_ids"": [""https://openalex.org/I94518387""]}]","[""VN""]",VN,Vietnam,Hanoi,VN-hanoi,Hanoi,21.0245,105.84117,institution_geo,https://api.openalex.org/institutions/I94518387,OpenAlex institution.geo.region,,,institution_city_point,False,True
W4412533860,10.1016/j.eswa.2025.128955,Optimizing supply chain operations using advanced Time-Series Mixer models for demand forecasting and inventory under uncertain demand,2025,9,A5067848984,Hai Anh Vu,,last,I94518387,Hanoi University of Science and Technology,education,https://ror.org/04nyv3z04,"[""School of Economics and Management, Hanoi University of Science and Technology, No. 1, Dai Co Viet Road, Hanoi, 100000, Vietnam""]","[{""raw_affiliation_string"": ""School of Economics and Management, Hanoi University of Science and Technology, No. 1, Dai Co Viet Road, Hanoi, 100000, Vietnam"", ""institution_ids"": [""https://openalex.org/I94518387""]}]","[""VN""]",VN,Vietnam,Hanoi,VN-hanoi,Hanoi,21.0245,105.84117,institution_geo,https://api.openalex.org/institutions/I94518387,OpenAlex institution.geo.region,,,institution_city_point,False,True
W4409524339,10.1016/j.eswa.2025.127713,Physics-informed generative regression for industrial process modeling in steel strip rolling,2025,1,A5043998220,Jifei Deng,https://orcid.org/0000-0001-6448-0494,first,I9224756,Northeastern University,education,https://ror.org/03awzbc87,"[""Department of Electrical Engineering and Automation, Aalto University, Espoo, Finland"", ""State Key Laboratory of Rolling and Automation, Northeastern University, Shenyang, China""]","[{""raw_affiliation_string"": ""Department of Electrical Engineering and Automation, Aalto University, Espoo, Finland"", ""institution_ids"": [""https://openalex.org/I9927081""]}, {""raw_affiliation_string"": ""State Key Laboratory of Rolling and Automation, Northeastern University, Shenyang, China"", ""institution_ids"": [""https://openalex.org/I9224756""]}]","[""CN"", ""FI""]",CN,China,Liaoning,CN-liaoning,Shenyang,41.79222,123.43278,institution_geo,https://api.openalex.org/institutions/I9224756,OpenAlex institution.geo.region,,,institution_city_point,False,True
W4409524339,10.1016/j.eswa.2025.127713,Physics-informed generative regression for industrial process modeling in steel strip rolling,2025,1,A5043998220,Jifei Deng,https://orcid.org/0000-0001-6448-0494,first,I9927081,Aalto University,education,https://ror.org/020hwjq30,"[""Department of Electrical Engineering and Automation, Aalto University, Espoo, Finland"", ""State Key Laboratory of Rolling and Automation, Northeastern University, Shenyang, China""]","[{""raw_affiliation_string"": ""Department of Electrical Engineering and Automation, Aalto University, Espoo, Finland"", ""institution_ids"": [""https://openalex.org/I9927081""]}, {""raw_affiliation_string"": ""State Key Laboratory of Rolling and Automation, Northeastern University, Shenyang, China"", ""institution_ids"": [""https://openalex.org/I9224756""]}]","[""CN"", ""FI""]",FI,Finland,Uusimaa,FI-uusimaa,Espoo,60.2052001953125,24.65220069885254,institution_geo,https://api.openalex.org/institutions/I9927081,Natural Earth v5.1.2 point-in-polygon using institution city coordinates,https://raw.githubusercontent.com/nvkelso/natural-earth-vector/v5.1.2/geojson/ne_10m_admin_1_states_provinces.geojson,FI-18,institution_city_point,False,True
W4409524339,10.1016/j.eswa.2025.127713,Physics-informed generative regression for industrial process modeling in steel strip rolling,2025,2,A5036831094,Seppo Sierla,https://orcid.org/0000-0002-0402-315X,middle,I9927081,Aalto University,education,https://ror.org/020hwjq30,"[""Department of Electrical Engineering and Automation, Aalto University, Espoo, Finland""]","[{""raw_affiliation_string"": ""Department of Electrical Engineering and Automation, Aalto University, Espoo, Finland"", ""institution_ids"": [""https://openalex.org/I9927081""]}]","[""FI""]",FI,Finland,Uusimaa,FI-uusimaa,Espoo,60.2052001953125,24.65220069885254,institution_geo,https://api.openalex.org/institutions/I9927081,Natural Earth v5.1.2 point-in-polygon using institution city coordinates,https://raw.githubusercontent.com/nvkelso/natural-earth-vector/v5.1.2/geojson/ne_10m_admin_1_states_provinces.geojson,FI-18,institution_city_point,False,True
W4409524339,10.1016/j.eswa.2025.127713,Physics-informed generative regression for industrial process modeling in steel strip rolling,2025,3,A5004502095,Jie Sun,https://orcid.org/0000-0003-2553-1804,middle,I9224756,Northeastern University,education,https://ror.org/03awzbc87,"[""State Key Laboratory of Rolling and Automation, Northeastern University, Shenyang, China""]","[{""raw_affiliation_string"": ""State Key Laboratory of Rolling and Automation, Northeastern University, Shenyang, China"", ""institution_ids"": [""https://openalex.org/I9224756""]}]","[""CN""]",CN,China,Liaoning,CN-liaoning,Shenyang,41.79222,123.43278,institution_geo,https://api.openalex.org/institutions/I9224756,OpenAlex institution.geo.region,,,institution_city_point,False,True
W4409524339,10.1016/j.eswa.2025.127713,Physics-informed generative regression for industrial process modeling in steel strip rolling,2025,4,A5008070913,Valeriy Vyatkin,,last,I190632392,Luleå University of Technology,education,https://ror.org/016st3p78,"[""Department of Computer Science, Electrical and Space Engineering, Luleå University of Technology, Luleå, Sweden"", ""Department of Electrical Engineering and Automation, Aalto University, Espoo, Finland""]","[{""raw_affiliation_string"": ""Department of Computer Science, Electrical and Space Engineering, Luleå University of Technology, Luleå, Sweden"", ""institution_ids"": [""https://openalex.org/I190632392""]}, {""raw_affiliation_string"": ""Department of Electrical Engineering and Automation, Aalto University, Espoo, Finland"", ""institution_ids"": [""https://openalex.org/I9927081""]}]","[""FI"", ""SE""]",SE,Sweden,Norrbotten,SE-norrbotten,Luleå,65.58415222167969,22.15464973449707,institution_geo,https://api.openalex.org/institutions/I190632392,Luleå municipal authority identifies the municipality as part of Norrbotten County; institution city coordinates fall outside the Natural Earth coastline polygon.,https://www.lulea.se/kommun--politik/fakta-och-statistik/fakta-om-lulea-kommun.html,,institution_city_point,False,True
W4409524339,10.1016/j.eswa.2025.127713,Physics-informed generative regression for industrial process modeling in steel strip rolling,2025,4,A5008070913,Valeriy Vyatkin,,last,I9927081,Aalto University,education,https://ror.org/020hwjq30,"[""Department of Computer Science, Electrical and Space Engineering, Luleå University of Technology, Luleå, Sweden"", ""Department of Electrical Engineering and Automation, Aalto University, Espoo, Finland""]","[{""raw_affiliation_string"": ""Department of Computer Science, Electrical and Space Engineering, Luleå University of Technology, Luleå, Sweden"", ""institution_ids"": [""https://openalex.org/I190632392""]}, {""raw_affiliation_string"": ""Department of Electrical Engineering and Automation, Aalto University, Espoo, Finland"", ""institution_ids"": [""https://openalex.org/I9927081""]}]","[""FI"", ""SE""]",FI,Finland,Uusimaa,FI-uusimaa,Espoo,60.2052001953125,24.65220069885254,institution_geo,https://api.openalex.org/institutions/I9927081,Natural Earth v5.1.2 point-in-polygon using institution city coordinates,https://raw.githubusercontent.com/nvkelso/natural-earth-vector/v5.1.2/geojson/ne_10m_admin_1_states_provinces.geojson,FI-18,institution_city_point,False,True
W4412985535,10.1109/ccdc65474.2025.11090207,Q-Learning Controller Design for Discrete-Time Nonlinear Systems with State and Input Constraints,2025,1,A5100389222,Gang Chen,https://orcid.org/0000-0001-7120-7058,first,I158842170,Chongqing University,education,https://ror.org/023rhb549,"[""College of Automation, Chongqing University,Chongqing,China""]","[{""raw_affiliation_string"": ""College of Automation, Chongqing University,Chongqing,China"", ""institution_ids"": [""https://openalex.org/I158842170""]}]","[""CN""]",CN,China,Chongqing,CN-chongqing,Chongqing,29.56026,106.55771,institution_geo,https://api.openalex.org/institutions/I158842170,OpenAlex institution.geo.region,,,institution_city_point,False,True
W4412985535,10.1109/ccdc65474.2025.11090207,Q-Learning Controller Design for Discrete-Time Nonlinear Systems with State and Input Constraints,2025,2,A5100627850,Wei Luo,https://orcid.org/0000-0001-6649-163X,middle,I158842170,Chongqing University,education,https://ror.org/023rhb549,"[""College of Automation, Chongqing University,Chongqing,China""]","[{""raw_affiliation_string"": ""College of Automation, Chongqing University,Chongqing,China"", ""institution_ids"": [""https://openalex.org/I158842170""]}]","[""CN""]",CN,China,Chongqing,CN-chongqing,Chongqing,29.56026,106.55771,institution_geo,https://api.openalex.org/institutions/I158842170,OpenAlex institution.geo.region,,,institution_city_point,False,True
W4412985535,10.1109/ccdc65474.2025.11090207,Q-Learning Controller Design for Discrete-Time Nonlinear Systems with State and Input Constraints,2025,3,A5022254589,Yonggang Chen,https://orcid.org/0009-0001-5921-2564,middle,I4210109940,Goldwind (China),company,https://ror.org/01qe4kz15,"[""Urumqi Dabancheng Goldwind Technology Co., Ltd,Urumqi,China""]","[{""raw_affiliation_string"": ""Urumqi Dabancheng Goldwind Technology Co., Ltd,Urumqi,China"", ""institution_ids"": [""https://openalex.org/I4210109940""]}]","[""CN""]",CN,China,Xinjiang,CN-xinjiang,Ürümqi,43.832523345947266,87.61492919921875,institution_geo,https://api.openalex.org/institutions/I4210109940,OpenAlex institution.geo.region,,,institution_city_point,False,True
W4412985535,10.1109/ccdc65474.2025.11090207,Q-Learning Controller Design for Discrete-Time Nonlinear Systems with State and Input Constraints,2025,4,A5017090099,Feng Guo,https://orcid.org/0000-0001-8794-5709,last,I4210109940,Goldwind (China),company,https://ror.org/01qe4kz15,"[""Urumqi Dabancheng Goldwind Technology Co., Ltd,Urumqi,China""]","[{""raw_affiliation_string"": ""Urumqi Dabancheng Goldwind Technology Co., Ltd,Urumqi,China"", ""institution_ids"": [""https://openalex.org/I4210109940""]}]","[""CN""]",CN,China,Xinjiang,CN-xinjiang,Ürümqi,43.832523345947266,87.61492919921875,institution_geo,https://api.openalex.org/institutions/I4210109940,OpenAlex institution.geo.region,,,institution_city_point,False,True
W4412072274,10.1016/j.amc.2025.129615,Quantized dissipative control for fuzzy hot strip mill cooling system under input constraint via dynamic output feedback approach,2025,1,A5101440202,Teng‐Fei Li,https://orcid.org/0000-0002-5589-1950,first,I14894300,Foshan University,education,https://ror.org/02xvvvp28,"[""School of Mechatronic Engineering and Automation, Foshan University, Foshan, 528000, China""]","[{""raw_affiliation_string"": ""School of Mechatronic Engineering and Automation, Foshan University, Foshan, 528000, China"", ""institution_ids"": [""https://openalex.org/I14894300""]}]","[""CN""]",CN,China,Guangdong,CN-guangdong,Foshan,23.026769638061523,113.13147735595703,institution_geo,https://api.openalex.org/institutions/I14894300,Natural Earth v5.1.2 point-in-polygon using institution city coordinates,https://raw.githubusercontent.com/nvkelso/natural-earth-vector/v5.1.2/geojson/ne_10m_admin_1_states_provinces.geojson,CN-GD,institution_city_point,False,True
W4412072274,10.1016/j.amc.2025.129615,Quantized dissipative control for fuzzy hot strip mill cooling system under input constraint via dynamic output feedback approach,2025,2,A5018271778,Liming Ding,https://orcid.org/0000-0002-0928-6848,middle,I12393601,Huaihua University,education,https://ror.org/04zn6xq74,"[""School of Computer and Artificial Intelligence (School of Software), Huaihua University, Huaihua, 418099, China""]","[{""raw_affiliation_string"": ""School of Computer and Artificial Intelligence (School of Software), Huaihua University, Huaihua, 418099, China"", ""institution_ids"": [""https://openalex.org/I12393601""]}]","[""CN""]",CN,China,Hunan,CN-hunan,Huaihua,27.563369750976562,110.00404357910156,institution_geo,https://api.openalex.org/institutions/I12393601,Natural Earth v5.1.2 point-in-polygon using institution city coordinates,https://raw.githubusercontent.com/nvkelso/natural-earth-vector/v5.1.2/geojson/ne_10m_admin_1_states_provinces.geojson,CN-HN,institution_city_point,False,True
W4412072274,10.1016/j.amc.2025.129615,Quantized dissipative control for fuzzy hot strip mill cooling system under input constraint via dynamic output feedback approach,2025,3,A5073183538,Xiong Jun,https://orcid.org/0000-0002-3351-6500,middle,I43922553,Wuhan University of Science and Technology,education,https://ror.org/00e4hrk88,"[""School of Information Science and Engineering, Wuhan University of Science and Technology, Wuhan, 430081, China""]","[{""raw_affiliation_string"": ""School of Information Science and Engineering, Wuhan University of Science and Technology, Wuhan, 430081, China"", ""institution_ids"": [""https://openalex.org/I43922553""]}]","[""CN""]",CN,China,Hubei,CN-hubei,Wuhan,30.583330154418945,114.26667022705078,institution_geo,https://api.openalex.org/institutions/I43922553,Natural Earth v5.1.2 point-in-polygon using institution city coordinates,https://raw.githubusercontent.com/nvkelso/natural-earth-vector/v5.1.2/geojson/ne_10m_admin_1_states_provinces.geojson,CN-HB,institution_city_point,False,True
W4412072274,10.1016/j.amc.2025.129615,Quantized dissipative control for fuzzy hot strip mill cooling system under input constraint via dynamic output feedback approach,2025,4,A5100751169,Haibing Li,https://orcid.org/0000-0002-6374-4694,last,I14894300,Foshan University,education,https://ror.org/02xvvvp28,"[""School of Mechatronic Engineering and Automation, Foshan University, Foshan, 528000, China""]","[{""raw_affiliation_string"": ""School of Mechatronic Engineering and Automation, Foshan University, Foshan, 528000, China"", ""institution_ids"": [""https://openalex.org/I14894300""]}]","[""CN""]",CN,China,Guangdong,CN-guangdong,Foshan,23.026769638061523,113.13147735595703,institution_geo,https://api.openalex.org/institutions/I14894300,Natural Earth v5.1.2 point-in-polygon using institution city coordinates,https://raw.githubusercontent.com/nvkelso/natural-earth-vector/v5.1.2/geojson/ne_10m_admin_1_states_provinces.geojson,CN-GD,institution_city_point,False,True
W4407865237,10.1016/j.jfranklin.2025.107585,Rapid dynamical learning from neural control of sampled-data nonlinear systems via pseudo-inverse regression filter vector signal,2025,1,A5038433079,Dengxiang Liang,https://orcid.org/0000-0003-2958-2393,first,I90610280,South China University of Technology,education,https://ror.org/0530pts50,"[""School of Automation Science and Engineering, Key Laboratory of Autonomous Systems and Networked Control, Ministry of Education, South China University of Technology, Guangzhou, 510641, China""]","[{""raw_affiliation_string"": ""School of Automation Science and Engineering, Key Laboratory of Autonomous Systems and Networked Control, Ministry of Education, South China University of Technology, Guangzhou, 510641, China"", ""institution_ids"": [""https://openalex.org/I90610280""]}]","[""CN""]",CN,China,Guangdong,CN-guangdong,Guangzhou,23.116670608520508,113.25,institution_geo,https://api.openalex.org/institutions/I90610280,Natural Earth v5.1.2 point-in-polygon using institution city coordinates,https://raw.githubusercontent.com/nvkelso/natural-earth-vector/v5.1.2/geojson/ne_10m_admin_1_states_provinces.geojson,CN-GD,institution_city_point,False,True
W4407865237,10.1016/j.jfranklin.2025.107585,Rapid dynamical learning from neural control of sampled-data nonlinear systems via pseudo-inverse regression filter vector signal,2025,2,A5100711052,Min Wang,https://orcid.org/0000-0001-7025-7651,last,I90610280,South China University of Technology,education,https://ror.org/0530pts50,"[""School of Automation Science and Engineering, Key Laboratory of Autonomous Systems and Networked Control, Ministry of Education, South China University of Technology, Guangzhou, 510641, China""]","[{""raw_affiliation_string"": ""School of Automation Science and Engineering, Key Laboratory of Autonomous Systems and Networked Control, Ministry of Education, South China University of Technology, Guangzhou, 510641, China"", ""institution_ids"": [""https://openalex.org/I90610280""]}]","[""CN""]",CN,China,Guangdong,CN-guangdong,Guangzhou,23.116670608520508,113.25,institution_geo,https://api.openalex.org/institutions/I90610280,Natural Earth v5.1.2 point-in-polygon using institution city coordinates,https://raw.githubusercontent.com/nvkelso/natural-earth-vector/v5.1.2/geojson/ne_10m_admin_1_states_provinces.geojson,CN-GD,institution_city_point,False,True
W4410770862,10.1109/cacml64929.2025.11010957,Reinforcement Learning-Based Dynamic Programming Control for Robust Disturbance Rejection and Error Minimization in Dynamic Systems,2025,1,A5115909668,Amoh Mensah Akwasi,https://orcid.org/0009-0005-8131-6844,first,I90610280,South China University of Technology,education,https://ror.org/0530pts50,"[""South China University of Technology,School of Automation Science and Engineering,Guangzhou,China""]","[{""raw_affiliation_string"": ""South China University of Technology,School of Automation Science and Engineering,Guangzhou,China"", ""institution_ids"": [""https://openalex.org/I90610280""]}]","[""CN""]",CN,China,Guangdong,CN-guangdong,Guangzhou,23.116670608520508,113.25,institution_geo,https://api.openalex.org/institutions/I90610280,Natural Earth v5.1.2 point-in-polygon using institution city coordinates,https://raw.githubusercontent.com/nvkelso/natural-earth-vector/v5.1.2/geojson/ne_10m_admin_1_states_provinces.geojson,CN-GD,institution_city_point,False,True
W4410770862,10.1109/cacml64929.2025.11010957,Reinforcement Learning-Based Dynamic Programming Control for Robust Disturbance Rejection and Error Minimization in Dynamic Systems,2025,2,A5069885872,Haoyong Chen,https://orcid.org/0000-0002-7486-2020,middle,I90610280,South China University of Technology,education,https://ror.org/0530pts50,"[""School of Electric Power South China University of Technology,Guangzhou,China""]","[{""raw_affiliation_string"": ""School of Electric Power South China University of Technology,Guangzhou,China"", ""institution_ids"": [""https://openalex.org/I90610280""]}]","[""CN""]",CN,China,Guangdong,CN-guangdong,Guangzhou,23.116670608520508,113.25,institution_geo,https://api.openalex.org/institutions/I90610280,Natural Earth v5.1.2 point-in-polygon using institution city coordinates,https://raw.githubusercontent.com/nvkelso/natural-earth-vector/v5.1.2/geojson/ne_10m_admin_1_states_provinces.geojson,CN-GD,institution_city_point,False,True
W4410770862,10.1109/cacml64929.2025.11010957,Reinforcement Learning-Based Dynamic Programming Control for Robust Disturbance Rejection and Error Minimization in Dynamic Systems,2025,3,A5108298935,Junfeng Liu,,last,I90610280,South China University of Technology,education,https://ror.org/0530pts50,"[""South China University of Technology,School of Automation Science and Engineering,Guangzhou,China""]","[{""raw_affiliation_string"": ""South China University of Technology,School of Automation Science and Engineering,Guangzhou,China"", ""institution_ids"": [""https://openalex.org/I90610280""]}]","[""CN""]",CN,China,Guangdong,CN-guangdong,Guangzhou,23.116670608520508,113.25,institution_geo,https://api.openalex.org/institutions/I90610280,Natural Earth v5.1.2 point-in-polygon using institution city coordinates,https://raw.githubusercontent.com/nvkelso/natural-earth-vector/v5.1.2/geojson/ne_10m_admin_1_states_provinces.geojson,CN-GD,institution_city_point,False,True
W4416747394,10.1007/s40747-025-02181-4,STRNet: dual-branch synergistic network with interactive fusion for remote sensing semantic segmentation,2025,1,A5088288182,Minjun Zhai,,first,I143868143,Anhui University,education,https://ror.org/05th6yx34,"[""School of Computer Science and Technology, Anhui University, 111 Jiulong Road, Hefei, 230601, Anhui Province, China""]","[{""raw_affiliation_string"": ""School of Computer Science and Technology, Anhui University, 111 Jiulong Road, Hefei, 230601, Anhui Province, China"", ""institution_ids"": [""https://openalex.org/I143868143""]}]","[""CN""]",CN,China,Anhui,CN-anhui,Hefei,31.863889694213867,117.28083038330078,institution_geo,https://api.openalex.org/institutions/I143868143,Natural Earth v5.1.2 point-in-polygon using institution city coordinates,https://raw.githubusercontent.com/nvkelso/natural-earth-vector/v5.1.2/geojson/ne_10m_admin_1_states_provinces.geojson,CN-AH,institution_city_point,False,True
W4416747394,10.1007/s40747-025-02181-4,STRNet: dual-branch synergistic network with interactive fusion for remote sensing semantic segmentation,2025,2,A5007190842,Donghua Chen,https://orcid.org/0000-0003-1786-7551,middle,I143868143,Anhui University,education,https://ror.org/05th6yx34,"[""School of Computer Science and Technology, Anhui University, 111 Jiulong Road, Hefei, 230601, Anhui Province, China"", ""School of Computer and Information Engineering, Chuzhou University, 1 Huifeng West Road, Chuzhou, 239099, Anhui Province, China""]","[{""raw_affiliation_string"": ""School of Computer Science and Technology, Anhui University, 111 Jiulong Road, Hefei, 230601, Anhui Province, China"", ""institution_ids"": [""https://openalex.org/I143868143""]}, {""raw_affiliation_string"": ""School of Computer and Information Engineering, Chuzhou University, 1 Huifeng West Road, Chuzhou, 239099, Anhui Province, China"", ""institution_ids"": [""https://openalex.org/I4210115456""]}]","[""CN""]",CN,China,Anhui,CN-anhui,Hefei,31.863889694213867,117.28083038330078,institution_geo,https://api.openalex.org/institutions/I143868143,Natural Earth v5.1.2 point-in-polygon using institution city coordinates,https://raw.githubusercontent.com/nvkelso/natural-earth-vector/v5.1.2/geojson/ne_10m_admin_1_states_provinces.geojson,CN-AH,institution_city_point,False,True
W4416747394,10.1007/s40747-025-02181-4,STRNet: dual-branch synergistic network with interactive fusion for remote sensing semantic segmentation,2025,2,A5007190842,Donghua Chen,https://orcid.org/0000-0003-1786-7551,middle,I4210115456,Chuzhou University,education,https://ror.org/037663q52,"[""School of Computer Science and Technology, Anhui University, 111 Jiulong Road, Hefei, 230601, Anhui Province, China"", ""School of Computer and Information Engineering, Chuzhou University, 1 Huifeng West Road, Chuzhou, 239099, Anhui Province, China""]","[{""raw_affiliation_string"": ""School of Computer Science and Technology, Anhui University, 111 Jiulong Road, Hefei, 230601, Anhui Province, China"", ""institution_ids"": [""https://openalex.org/I143868143""]}, {""raw_affiliation_string"": ""School of Computer and Information Engineering, Chuzhou University, 1 Huifeng West Road, Chuzhou, 239099, Anhui Province, China"", ""institution_ids"": [""https://openalex.org/I4210115456""]}]","[""CN""]",CN,China,Anhui,CN-anhui,Chuzhou,32.32194137573242,118.29778289794922,institution_geo,https://api.openalex.org/institutions/I4210115456,Natural Earth v5.1.2 point-in-polygon using institution city coordinates,https://raw.githubusercontent.com/nvkelso/natural-earth-vector/v5.1.2/geojson/ne_10m_admin_1_states_provinces.geojson,CN-AH,institution_city_point,False,True
W4416747394,10.1007/s40747-025-02181-4,STRNet: dual-branch synergistic network with interactive fusion for remote sensing semantic segmentation,2025,3,A5102955118,Yibo Duan,https://orcid.org/0000-0001-9512-3588,middle,I111753288,Fujian Normal University,education,https://ror.org/020azk594,"[""School of Geographical Sciences, School of Carbon Neutral Future Technology, Fujian Normal University, 1 Keji Road, Fuzhou, 350117, Fujian Province, China""]","[{""raw_affiliation_string"": ""School of Geographical Sciences, School of Carbon Neutral Future Technology, Fujian Normal University, 1 Keji Road, Fuzhou, 350117, Fujian Province, China"", ""institution_ids"": [""https://openalex.org/I111753288""]}]","[""CN""]",CN,China,Fujian,CN-fujian,Fuzhou,26.061389923095703,119.30610656738281,institution_geo,https://api.openalex.org/institutions/I111753288,Natural Earth v5.1.2 point-in-polygon using institution city coordinates,https://raw.githubusercontent.com/nvkelso/natural-earth-vector/v5.1.2/geojson/ne_10m_admin_1_states_provinces.geojson,CN-FJ,institution_city_point,False,True
W4416747394,10.1007/s40747-025-02181-4,STRNet: dual-branch synergistic network with interactive fusion for remote sensing semantic segmentation,2025,4,A5113274592,Qihang Zhen,,middle,I143868143,Anhui University,education,https://ror.org/05th6yx34,"[""School of Computer Science and Technology, Anhui University, 111 Jiulong Road, Hefei, 230601, Anhui Province, China""]","[{""raw_affiliation_string"": ""School of Computer Science and Technology, Anhui University, 111 Jiulong Road, Hefei, 230601, Anhui Province, China"", ""institution_ids"": [""https://openalex.org/I143868143""]}]","[""CN""]",CN,China,Anhui,CN-anhui,Hefei,31.863889694213867,117.28083038330078,institution_geo,https://api.openalex.org/institutions/I143868143,Natural Earth v5.1.2 point-in-polygon using institution city coordinates,https://raw.githubusercontent.com/nvkelso/natural-earth-vector/v5.1.2/geojson/ne_10m_admin_1_states_provinces.geojson,CN-AH,institution_city_point,False,True
W4416747394,10.1007/s40747-025-02181-4,STRNet: dual-branch synergistic network with interactive fusion for remote sensing semantic segmentation,2025,5,A5101311167,Jian Zheng,https://orcid.org/0009-0001-0312-6683,middle,I1334729051,Xinjiang Normal University,education,https://ror.org/00ndrvk93,"[""School of Geography and Tourism, Xinjiang Normal University, 16 East Kashi Road, Urumqi, 830054, Xinjiang Province, China""]","[{""raw_affiliation_string"": ""School of Geography and Tourism, Xinjiang Normal University, 16 East Kashi Road, Urumqi, 830054, Xinjiang Province, China"", ""institution_ids"": [""https://openalex.org/I1334729051""]}]","[""CN""]",CN,China,Xinjiang,CN-xinjiang,Ürümqi,43.800960540771484,87.60045623779297,institution_geo,https://api.openalex.org/institutions/I1334729051,Natural Earth v5.1.2 point-in-polygon using institution city coordinates,https://raw.githubusercontent.com/nvkelso/natural-earth-vector/v5.1.2/geojson/ne_10m_admin_1_states_provinces.geojson,CN-XJ,institution_city_point,False,True
W4416747394,10.1007/s40747-025-02181-4,STRNet: dual-branch synergistic network with interactive fusion for remote sensing semantic segmentation,2025,6,,Minmin Pei,,middle,I4472751,Anhui Normal University,education,https://ror.org/05fsfvw79,"[""School of Computing and Information Technology, Anhui Normal University, 189 South Jiuhua Road, Wuhu, 241002, Anhui Province, China""]","[{""raw_affiliation_string"": ""School of Computing and Information Technology, Anhui Normal University, 189 South Jiuhua Road, Wuhu, 241002, Anhui Province, China"", ""institution_ids"": [""https://openalex.org/I4472751""]}]","[""CN""]",CN,China,Anhui,CN-anhui,Wuhu,31.352590560913086,118.4294662475586,institution_geo,https://api.openalex.org/institutions/I4472751,Natural Earth v5.1.2 point-in-polygon using institution city coordinates,https://raw.githubusercontent.com/nvkelso/natural-earth-vector/v5.1.2/geojson/ne_10m_admin_1_states_provinces.geojson,CN-AH,institution_city_point,False,True
W4416747394,10.1007/s40747-025-02181-4,STRNet: dual-branch synergistic network with interactive fusion for remote sensing semantic segmentation,2025,7,,Xing Guo,,last,I143868143,Anhui University,education,https://ror.org/05th6yx34,"[""School of Computer Science and Technology, Anhui University, 111 Jiulong Road, Hefei, 230601, Anhui Province, China""]","[{""raw_affiliation_string"": ""School of Computer Science and Technology, Anhui University, 111 Jiulong Road, Hefei, 230601, Anhui Province, China"", ""institution_ids"": [""https://openalex.org/I143868143""]}]","[""CN""]",CN,China,Anhui,CN-anhui,Hefei,31.863889694213867,117.28083038330078,institution_geo,https://api.openalex.org/institutions/I143868143,Natural Earth v5.1.2 point-in-polygon using institution city coordinates,https://raw.githubusercontent.com/nvkelso/natural-earth-vector/v5.1.2/geojson/ne_10m_admin_1_states_provinces.geojson,CN-AH,institution_city_point,False,True
W4410226400,10.1109/tase.2025.3568642,Single-Period Optimal Inventory Control With Substitution: An End-to-End Framework,2025,1,A5082913875,Yuewei Zhang,https://orcid.org/0009-0003-7387-2360,first,I99065089,Tsinghua University,education,https://ror.org/03cve4549,"[""Department of Industrial Engineering, Tsinghua University, Beijing, China""]","[{""raw_affiliation_string"": ""Department of Industrial Engineering, Tsinghua University, Beijing, China"", ""institution_ids"": [""https://openalex.org/I99065089""]}]","[""CN""]",CN,China,Beijing,CN-beijing,Beijing,39.9075,116.39723,institution_geo,https://api.openalex.org/institutions/I99065089,OpenAlex institution.geo.region,,,institution_city_point,False,True
W4410226400,10.1109/tase.2025.3568642,Single-Period Optimal Inventory Control With Substitution: An End-to-End Framework,2025,2,A5069580020,Hailei Gong,https://orcid.org/0000-0002-0570-0773,middle,I99065089,Tsinghua University,education,https://ror.org/03cve4549,"[""Department of Industrial Engineering, Tsinghua University, Beijing, China""]","[{""raw_affiliation_string"": ""Department of Industrial Engineering, Tsinghua University, Beijing, China"", ""institution_ids"": [""https://openalex.org/I99065089""]}]","[""CN""]",CN,China,Beijing,CN-beijing,Beijing,39.9075,116.39723,institution_geo,https://api.openalex.org/institutions/I99065089,OpenAlex institution.geo.region,,,institution_city_point,False,True
W4410226400,10.1109/tase.2025.3568642,Single-Period Optimal Inventory Control With Substitution: An End-to-End Framework,2025,3,A5101896988,Zhihai Zhang,https://orcid.org/0000-0003-3686-5789,last,I99065089,Tsinghua University,education,https://ror.org/03cve4549,"[""Department of Industrial Engineering, Tsinghua University, Beijing, China""]","[{""raw_affiliation_string"": ""Department of Industrial Engineering, Tsinghua University, Beijing, China"", ""institution_ids"": [""https://openalex.org/I99065089""]}]","[""CN""]",CN,China,Beijing,CN-beijing,Beijing,39.9075,116.39723,institution_geo,https://api.openalex.org/institutions/I99065089,OpenAlex institution.geo.region,,,institution_city_point,False,True
W7160597376,10.1109/icbiti65527.2025.11500812,Smart City Energy Consumption Prediction Using Machine Learning,2025,1,A5135638940,Ghassan Issa,,first,I2799888298,Skyline University College,education,https://ror.org/05r7nbf33,"[""School of Computing Skyline University College,Sharjah,UAE""]","[{""raw_affiliation_string"": ""School of Computing Skyline University College,Sharjah,UAE"", ""institution_ids"": [""https://openalex.org/I2799888298""]}]","[""AE""]",AE,United Arab Emirates,Emirate of Sharjah,AE-emirate-of-sharjah,Sharjah city,25.291223526000977,55.46714401245117,institution_geo,https://api.openalex.org/institutions/I2799888298,Natural Earth v5.1.2 point-in-polygon using institution city coordinates,https://raw.githubusercontent.com/nvkelso/natural-earth-vector/v5.1.2/geojson/ne_10m_admin_1_states_provinces.geojson,AE-SH,institution_city_point,False,True
W7160597376,10.1109/icbiti65527.2025.11500812,Smart City Energy Consumption Prediction Using Machine Learning,2025,2,A5098751843,Channaganu Paramaiah,,middle,I2799888298,Skyline University College,education,https://ror.org/05r7nbf33,"[""School of Business Skyline University College,Sharjah,UAE""]","[{""raw_affiliation_string"": ""School of Business Skyline University College,Sharjah,UAE"", ""institution_ids"": [""https://openalex.org/I2799888298""]}]","[""AE""]",AE,United Arab Emirates,Emirate of Sharjah,AE-emirate-of-sharjah,Sharjah city,25.291223526000977,55.46714401245117,institution_geo,https://api.openalex.org/institutions/I2799888298,Natural Earth v5.1.2 point-in-polygon using institution city coordinates,https://raw.githubusercontent.com/nvkelso/natural-earth-vector/v5.1.2/geojson/ne_10m_admin_1_states_provinces.geojson,AE-SH,institution_city_point,False,True
W7160597376,10.1109/icbiti65527.2025.11500812,Smart City Energy Consumption Prediction Using Machine Learning,2025,3,A5003216892,Khalid Almaazmi,,middle,I2799888298,Skyline University College,education,https://ror.org/05r7nbf33,"[""School of Computing Skyline University College,Sharjah,UAE""]","[{""raw_affiliation_string"": ""School of Computing Skyline University College,Sharjah,UAE"", ""institution_ids"": [""https://openalex.org/I2799888298""]}]","[""AE""]",AE,United Arab Emirates,Emirate of Sharjah,AE-emirate-of-sharjah,Sharjah city,25.291223526000977,55.46714401245117,institution_geo,https://api.openalex.org/institutions/I2799888298,Natural Earth v5.1.2 point-in-polygon using institution city coordinates,https://raw.githubusercontent.com/nvkelso/natural-earth-vector/v5.1.2/geojson/ne_10m_admin_1_states_provinces.geojson,AE-SH,institution_city_point,False,True
W7160597376,10.1109/icbiti65527.2025.11500812,Smart City Energy Consumption Prediction Using Machine Learning,2025,4,A5135671333,Ayman AbuBaker,,last,I146367977,Applied Science Private University,education,https://ror.org/01ah6nb52,"[""Faculty of Engineering and Technology Applied Science Private University,Department of Electrical Engineering,Amman,Jordan,11931""]","[{""raw_affiliation_string"": ""Faculty of Engineering and Technology Applied Science Private University,Department of Electrical Engineering,Amman,Jordan,11931"", ""institution_ids"": [""https://openalex.org/I146367977""]}]","[""JO""]",JO,Jordan,Amman,JO-amman,Amman,31.95522,35.94503,institution_geo,https://api.openalex.org/institutions/I146367977,OpenAlex institution.geo.region,,,institution_city_point,False,True
W7114924552,10.1016/j.jtice.2025.106577,Theory and construction of machine learning-driven CFD agent model: a bayesian-optimized CNN-LSTM framework,2025,1,,Chunmao Pan,,first,,,,,[],[],[],,,,,,,,unresolved_institution,,,,,unavailable,False,False
W7114924552,10.1016/j.jtice.2025.106577,Theory and construction of machine learning-driven CFD agent model: a bayesian-optimized CNN-LSTM framework,2025,2,,Lingxing Hu,,middle,,,,,[],[],[],,,,,,,,unresolved_institution,,,,,unavailable,False,False
W7114924552,10.1016/j.jtice.2025.106577,Theory and construction of machine learning-driven CFD agent model: a bayesian-optimized CNN-LSTM framework,2025,3,,Facheng Qiu,https://orcid.org/0000-0002-9998-9175,middle,,,,,[],[],[],,,,,,,,unresolved_institution,,,,,unavailable,False,False
W7114924552,10.1016/j.jtice.2025.106577,Theory and construction of machine learning-driven CFD agent model: a bayesian-optimized CNN-LSTM framework,2025,4,,Zhiliang Cheng,,middle,,,,,[],[],[],,,,,,,,unresolved_institution,,,,,unavailable,False,False
W7114924552,10.1016/j.jtice.2025.106577,Theory and construction of machine learning-driven CFD agent model: a bayesian-optimized CNN-LSTM framework,2025,5,,Zhongjun Li,,middle,,,,,[],[],[],,,,,,,,unresolved_institution,,,,,unavailable,False,False
W7114924552,10.1016/j.jtice.2025.106577,Theory and construction of machine learning-driven CFD agent model: a bayesian-optimized CNN-LSTM framework,2025,6,,Lanfeng Guo,,last,,,,,[],[],[],,,,,,,,unresolved_institution,,,,,unavailable,False,False
W4408973948,10.1007/s11071-025-11097-0,Tracking control for nonlinear multi-agent systems: a first-order DPG framework with initial admissible control policy method,2025,1,A5018604914,Jun Rao,https://orcid.org/0000-0002-7467-4898,first,I183067930,Shanghai Jiao Tong University,education,https://ror.org/0220qvk04,"[""Department of Automation, Key Laboratory of System Control and Information Processing, Shanghai Jiao Tong University, Shanghai, 200240, China""]","[{""raw_affiliation_string"": ""Department of Automation, Key Laboratory of System Control and Information Processing, Shanghai Jiao Tong University, Shanghai, 200240, China"", ""institution_ids"": [""https://openalex.org/I183067930""]}]","[""CN""]",CN,China,Shanghai,CN-shanghai,Shanghai,31.22222,121.45806,institution_geo,https://api.openalex.org/institutions/I183067930,OpenAlex institution.geo.region,,,institution_city_point,False,True
W4408973948,10.1007/s11071-025-11097-0,Tracking control for nonlinear multi-agent systems: a first-order DPG framework with initial admissible control policy method,2025,2,A5100777024,Jingcheng Wang,https://orcid.org/0000-0002-4277-1263,middle,I183067930,Shanghai Jiao Tong University,education,https://ror.org/0220qvk04,"[""Department of Automation, Key Laboratory of System Control and Information Processing, Shanghai Jiao Tong University, Shanghai, 200240, China""]","[{""raw_affiliation_string"": ""Department of Automation, Key Laboratory of System Control and Information Processing, Shanghai Jiao Tong University, Shanghai, 200240, China"", ""institution_ids"": [""https://openalex.org/I183067930""]}]","[""CN""]",CN,China,Shanghai,CN-shanghai,Shanghai,31.22222,121.45806,institution_geo,https://api.openalex.org/institutions/I183067930,OpenAlex institution.geo.region,,,institution_city_point,False,True
W4408973948,10.1007/s11071-025-11097-0,Tracking control for nonlinear multi-agent systems: a first-order DPG framework with initial admissible control policy method,2025,3,A5058905701,Jiahui Xu,https://orcid.org/0000-0002-4058-0447,middle,I183067930,Shanghai Jiao Tong University,education,https://ror.org/0220qvk04,"[""Department of Automation, Key Laboratory of System Control and Information Processing, Shanghai Jiao Tong University, Shanghai, 200240, China""]","[{""raw_affiliation_string"": ""Department of Automation, Key Laboratory of System Control and Information Processing, Shanghai Jiao Tong University, Shanghai, 200240, China"", ""institution_ids"": [""https://openalex.org/I183067930""]}]","[""CN""]",CN,China,Shanghai,CN-shanghai,Shanghai,31.22222,121.45806,institution_geo,https://api.openalex.org/institutions/I183067930,OpenAlex institution.geo.region,,,institution_city_point,False,True
W4408973948,10.1007/s11071-025-11097-0,Tracking control for nonlinear multi-agent systems: a first-order DPG framework with initial admissible control policy method,2025,4,A5000872966,Yanjiu Zhong,https://orcid.org/0000-0002-4361-9378,last,I183067930,Shanghai Jiao Tong University,education,https://ror.org/0220qvk04,"[""Department of Automation, Key Laboratory of System Control and Information Processing, Shanghai Jiao Tong University, Shanghai, 200240, China""]","[{""raw_affiliation_string"": ""Department of Automation, Key Laboratory of System Control and Information Processing, Shanghai Jiao Tong University, Shanghai, 200240, China"", ""institution_ids"": [""https://openalex.org/I183067930""]}]","[""CN""]",CN,China,Shanghai,CN-shanghai,Shanghai,31.22222,121.45806,institution_geo,https://api.openalex.org/institutions/I183067930,OpenAlex institution.geo.region,,,institution_city_point,False,True
W4412605216,10.1109/tie.2025.3587116,Two-Loop Online Data-Driven Control for Oral Implantation Robots in Human–Robot Interaction,2025,1,A5072012159,Peng Chen,https://orcid.org/0009-0005-0375-2384,first,I55712492,Zhejiang University of Technology,education,https://ror.org/02djqfd08,"[""College of Information Engineering, Zhejiang University of Technology, Zhejiang Key Laboratory of Intelligent Perception and Control for Complex Systems, State Key Laboratory of Green Chemical Synthesis and Conversion, Hangzhou, China""]","[{""raw_affiliation_string"": ""College of Information Engineering, Zhejiang University of Technology, Zhejiang Key Laboratory of Intelligent Perception and Control for Complex Systems, State Key Laboratory of Green Chemical Synthesis and Conversion, Hangzhou, China"", ""institution_ids"": [""https://openalex.org/I55712492""]}]","[""CN""]",CN,China,Zhejiang,CN-zhejiang,Hangzhou,30.293649673461914,120.16142272949219,institution_geo,https://api.openalex.org/institutions/I55712492,Natural Earth v5.1.2 point-in-polygon using institution city coordinates,https://raw.githubusercontent.com/nvkelso/natural-earth-vector/v5.1.2/geojson/ne_10m_admin_1_states_provinces.geojson,CN-ZJ,institution_city_point,False,True
W4412605216,10.1109/tie.2025.3587116,Two-Loop Online Data-Driven Control for Oral Implantation Robots in Human–Robot Interaction,2025,2,A5071166741,Qiang Chen,https://orcid.org/0000-0001-5869-0436,middle,I55712492,Zhejiang University of Technology,education,https://ror.org/02djqfd08,"[""College of Information Engineering, Zhejiang University of Technology, Zhejiang Key Laboratory of Intelligent Perception and Control for Complex Systems, State Key Laboratory of Green Chemical Synthesis and Conversion, Hangzhou, China""]","[{""raw_affiliation_string"": ""College of Information Engineering, Zhejiang University of Technology, Zhejiang Key Laboratory of Intelligent Perception and Control for Complex Systems, State Key Laboratory of Green Chemical Synthesis and Conversion, Hangzhou, China"", ""institution_ids"": [""https://openalex.org/I55712492""]}]","[""CN""]",CN,China,Zhejiang,CN-zhejiang,Hangzhou,30.293649673461914,120.16142272949219,institution_geo,https://api.openalex.org/institutions/I55712492,Natural Earth v5.1.2 point-in-polygon using institution city coordinates,https://raw.githubusercontent.com/nvkelso/natural-earth-vector/v5.1.2/geojson/ne_10m_admin_1_states_provinces.geojson,CN-ZJ,institution_city_point,False,True
W4412605216,10.1109/tie.2025.3587116,Two-Loop Online Data-Driven Control for Oral Implantation Robots in Human–Robot Interaction,2025,3,A5019906827,Chenguang Yang,https://orcid.org/0000-0001-5255-5559,middle,I146655781,University of Liverpool,education,https://ror.org/04xs57h96,"[""Department of Computer Science, University of Liverpool, Liverpool, U.K"", ""Department of Computer Science, University of Liverpool, Liverpool""]","[{""raw_affiliation_string"": ""Department of Computer Science, University of Liverpool, Liverpool, U.K"", ""institution_ids"": [""https://openalex.org/I146655781""]}, {""raw_affiliation_string"": ""Department of Computer Science, University of Liverpool, Liverpool"", ""institution_ids"": [""https://openalex.org/I146655781""]}]","[""GB""]",GB,United Kingdom,England,GB-england,Liverpool,53.41058,-2.97794,institution_geo,https://api.openalex.org/institutions/I146655781,OpenAlex institution.geo.region,,,institution_city_point,False,True
W4412605216,10.1109/tie.2025.3587116,Two-Loop Online Data-Driven Control for Oral Implantation Robots in Human–Robot Interaction,2025,4,A5013584546,Xiongxiong He,https://orcid.org/0000-0002-5806-1047,last,I55712492,Zhejiang University of Technology,education,https://ror.org/02djqfd08,"[""College of Information Engineering, Zhejiang University of Technology, Zhejiang Key Laboratory of Intelligent Perception and Control for Complex Systems, State Key Laboratory of Green Chemical Synthesis and Conversion, Hangzhou, China""]","[{""raw_affiliation_string"": ""College of Information Engineering, Zhejiang University of Technology, Zhejiang Key Laboratory of Intelligent Perception and Control for Complex Systems, State Key Laboratory of Green Chemical Synthesis and Conversion, Hangzhou, China"", ""institution_ids"": [""https://openalex.org/I55712492""]}]","[""CN""]",CN,China,Zhejiang,CN-zhejiang,Hangzhou,30.293649673461914,120.16142272949219,institution_geo,https://api.openalex.org/institutions/I55712492,Natural Earth v5.1.2 point-in-polygon using institution city coordinates,https://raw.githubusercontent.com/nvkelso/natural-earth-vector/v5.1.2/geojson/ne_10m_admin_1_states_provinces.geojson,CN-ZJ,institution_city_point,False,True
W4402577629,10.21203/rs.3.rs-4897840/v1,A Diversified Integrated Model for Seasonal Product Demand Prediction,2024,1,A5081883041,Bin Liu,https://orcid.org/0000-0003-2291-7592,first,I148128674,University of Shanghai for Science and Technology,education,https://ror.org/00ay9v204,"[""University of Shanghai for Science and Technology""]","[{""raw_affiliation_string"": ""University of Shanghai for Science and Technology"", ""institution_ids"": [""https://openalex.org/I148128674""]}]","[""CN""]",CN,China,Shanghai,CN-shanghai,Shanghai,31.222219467163086,121.45806121826172,institution_geo,https://api.openalex.org/institutions/I148128674,Natural Earth v5.1.2 point-in-polygon using institution city coordinates,https://raw.githubusercontent.com/nvkelso/natural-earth-vector/v5.1.2/geojson/ne_10m_admin_1_states_provinces.geojson,CN-SH,institution_city_point,False,True
W4402577629,10.21203/rs.3.rs-4897840/v1,A Diversified Integrated Model for Seasonal Product Demand Prediction,2024,2,A5101595753,Hao Ding,https://orcid.org/0009-0009-6159-4969,middle,I148128674,University of Shanghai for Science and Technology,education,https://ror.org/00ay9v204,"[""University of Shanghai for Science and Technology""]","[{""raw_affiliation_string"": ""University of Shanghai for Science and Technology"", ""institution_ids"": [""https://openalex.org/I148128674""]}]","[""CN""]",CN,China,Shanghai,CN-shanghai,Shanghai,31.222219467163086,121.45806121826172,institution_geo,https://api.openalex.org/institutions/I148128674,Natural Earth v5.1.2 point-in-polygon using institution city coordinates,https://raw.githubusercontent.com/nvkelso/natural-earth-vector/v5.1.2/geojson/ne_10m_admin_1_states_provinces.geojson,CN-SH,institution_city_point,False,True
W4402577629,10.21203/rs.3.rs-4897840/v1,A Diversified Integrated Model for Seasonal Product Demand Prediction,2024,3,A5088566918,Yun Qiaoyun,,last,,,,,"[""International Business College, South China National University""]","[{""raw_affiliation_string"": ""International Business College, South China National University"", ""institution_ids"": []}]",[],,,,,,,,unresolved_institution,,,,,unavailable,False,False
W4404563370,10.1109/tim.2024.3502771,A Reinforcement Learning-Based Multistep Prediction Strategy for Burn-Through Point Using State Feature Extractor,2024,1,A5114168506,Junjin Mu,https://orcid.org/0009-0008-9500-857X,first,I4391767838,State Key Laboratory of Industrial Control Technology,facility,https://ror.org/03a33a786,"[""State Key Laboratory of Industrial Control Technology, College of Control Science and Engineering, Zhejiang University, Hangzhou, China""]","[{""raw_affiliation_string"": ""State Key Laboratory of Industrial Control Technology, College of Control Science and Engineering, Zhejiang University, Hangzhou, China"", ""institution_ids"": [""https://openalex.org/I4391767838""]}]","[""CN""]",CN,China,Zhejiang,CN-zhejiang,Hangzhou,30.29365,120.16142,institution_geo,https://api.openalex.org/institutions/I4391767838,OpenAlex institution.geo.region,,,institution_city_point,False,True
W4404563370,10.1109/tim.2024.3502771,A Reinforcement Learning-Based Multistep Prediction Strategy for Burn-Through Point Using State Feature Extractor,2024,2,A5101762609,Chunjie Yang,https://orcid.org/0000-0002-4362-2104,middle,I20942203,Hainan University,education,https://ror.org/03q648j11,"[""School of Mechanical and Electrical Engineering, Hainan University, Haikou, China"", ""State Key Laboratory of Industrial Control Technology, College of Control Science and Engineering, Zhejiang University, Hangzhou, China""]","[{""raw_affiliation_string"": ""School of Mechanical and Electrical Engineering, Hainan University, Haikou, China"", ""institution_ids"": [""https://openalex.org/I20942203""]}, {""raw_affiliation_string"": ""State Key Laboratory of Industrial Control Technology, College of Control Science and Engineering, Zhejiang University, Hangzhou, China"", ""institution_ids"": [""https://openalex.org/I4391767838""]}]","[""CN""]",CN,China,Hainan,CN-hainan,Haikou,20.034210205078125,110.34651184082031,institution_geo,https://api.openalex.org/institutions/I20942203,Natural Earth v5.1.2 point-in-polygon using institution city coordinates,https://raw.githubusercontent.com/nvkelso/natural-earth-vector/v5.1.2/geojson/ne_10m_admin_1_states_provinces.geojson,CN-HI,institution_city_point,False,True
W4404563370,10.1109/tim.2024.3502771,A Reinforcement Learning-Based Multistep Prediction Strategy for Burn-Through Point Using State Feature Extractor,2024,2,A5101762609,Chunjie Yang,https://orcid.org/0000-0002-4362-2104,middle,I4391767838,State Key Laboratory of Industrial Control Technology,facility,https://ror.org/03a33a786,"[""School of Mechanical and Electrical Engineering, Hainan University, Haikou, China"", ""State Key Laboratory of Industrial Control Technology, College of Control Science and Engineering, Zhejiang University, Hangzhou, China""]","[{""raw_affiliation_string"": ""School of Mechanical and Electrical Engineering, Hainan University, Haikou, China"", ""institution_ids"": [""https://openalex.org/I20942203""]}, {""raw_affiliation_string"": ""State Key Laboratory of Industrial Control Technology, College of Control Science and Engineering, Zhejiang University, Hangzhou, China"", ""institution_ids"": [""https://openalex.org/I4391767838""]}]","[""CN""]",CN,China,Zhejiang,CN-zhejiang,Hangzhou,30.29365,120.16142,institution_geo,https://api.openalex.org/institutions/I4391767838,OpenAlex institution.geo.region,,,institution_city_point,False,True
W4404563370,10.1109/tim.2024.3502771,A Reinforcement Learning-Based Multistep Prediction Strategy for Burn-Through Point Using State Feature Extractor,2024,3,A5101786091,Yan Feng,https://orcid.org/0000-0002-4601-4593,middle,I4391767838,State Key Laboratory of Industrial Control Technology,facility,https://ror.org/03a33a786,"[""State Key Laboratory of Industrial Control Technology, College of Control Science and Engineering, Zhejiang University, Hangzhou, China""]","[{""raw_affiliation_string"": ""State Key Laboratory of Industrial Control Technology, College of Control Science and Engineering, Zhejiang University, Hangzhou, China"", ""institution_ids"": [""https://openalex.org/I4391767838""]}]","[""CN""]",CN,China,Zhejiang,CN-zhejiang,Hangzhou,30.29365,120.16142,institution_geo,https://api.openalex.org/institutions/I4391767838,OpenAlex institution.geo.region,,,institution_city_point,False,True
W4404563370,10.1109/tim.2024.3502771,A Reinforcement Learning-Based Multistep Prediction Strategy for Burn-Through Point Using State Feature Extractor,2024,4,A5011724758,Chong Yang,https://orcid.org/0000-0001-9067-9413,middle,I20942203,Hainan University,education,https://ror.org/03q648j11,"[""School of Mechanical and Electrical Engineering, Hainan University, Haikou, China"", ""State Key Laboratory of Industrial Control Technology, College of Control Science and Engineering, Zhejiang University, Hangzhou, China""]","[{""raw_affiliation_string"": ""School of Mechanical and Electrical Engineering, Hainan University, Haikou, China"", ""institution_ids"": [""https://openalex.org/I20942203""]}, {""raw_affiliation_string"": ""State Key Laboratory of Industrial Control Technology, College of Control Science and Engineering, Zhejiang University, Hangzhou, China"", ""institution_ids"": [""https://openalex.org/I4391767838""]}]","[""CN""]",CN,China,Hainan,CN-hainan,Haikou,20.034210205078125,110.34651184082031,institution_geo,https://api.openalex.org/institutions/I20942203,Natural Earth v5.1.2 point-in-polygon using institution city coordinates,https://raw.githubusercontent.com/nvkelso/natural-earth-vector/v5.1.2/geojson/ne_10m_admin_1_states_provinces.geojson,CN-HI,institution_city_point,False,True
W4404563370,10.1109/tim.2024.3502771,A Reinforcement Learning-Based Multistep Prediction Strategy for Burn-Through Point Using State Feature Extractor,2024,4,A5011724758,Chong Yang,https://orcid.org/0000-0001-9067-9413,middle,I4391767838,State Key Laboratory of Industrial Control Technology,facility,https://ror.org/03a33a786,"[""School of Mechanical and Electrical Engineering, Hainan University, Haikou, China"", ""State Key Laboratory of Industrial Control Technology, College of Control Science and Engineering, Zhejiang University, Hangzhou, China""]","[{""raw_affiliation_string"": ""School of Mechanical and Electrical Engineering, Hainan University, Haikou, China"", ""institution_ids"": [""https://openalex.org/I20942203""]}, {""raw_affiliation_string"": ""State Key Laboratory of Industrial Control Technology, College of Control Science and Engineering, Zhejiang University, Hangzhou, China"", ""institution_ids"": [""https://openalex.org/I4391767838""]}]","[""CN""]",CN,China,Zhejiang,CN-zhejiang,Hangzhou,30.29365,120.16142,institution_geo,https://api.openalex.org/institutions/I4391767838,OpenAlex institution.geo.region,,,institution_city_point,False,True
W4404563370,10.1109/tim.2024.3502771,A Reinforcement Learning-Based Multistep Prediction Strategy for Burn-Through Point Using State Feature Extractor,2024,5,A5112570961,Tao Lin,https://orcid.org/0000-0003-4282-5433,last,I92403157,University of Science and Technology Beijing,education,https://ror.org/02egmk993,"[""University of Science and Technology Beijing, Beijing, China""]","[{""raw_affiliation_string"": ""University of Science and Technology Beijing, Beijing, China"", ""institution_ids"": [""https://openalex.org/I92403157""]}]","[""CN""]",CN,China,Beijing,CN-beijing,Beijing,39.9075,116.39723,institution_geo,https://api.openalex.org/institutions/I92403157,OpenAlex institution.geo.region,,,institution_city_point,False,True
W4400584655,10.3390/info15070402,Editorial to the Special Issue “Systems Engineering and Knowledge Management”,2024,1,A5057565806,Vladimír Bureš,https://orcid.org/0000-0001-7788-7445,first,I75092371,University of Hradec Králové,education,https://ror.org/05k238v14,"[""Faculty of Informatics and Management, University of Hradec Kralove, Rokitanskeho 62, 500 03 Hradec Kralove, Czech Republic""]","[{""raw_affiliation_string"": ""Faculty of Informatics and Management, University of Hradec Kralove, Rokitanskeho 62, 500 03 Hradec Kralove, Czech Republic"", ""institution_ids"": [""https://openalex.org/I75092371""]}]","[""CZ""]",CZ,Czechia,Hradec Králové,CZ-hradec-kralove,Hradec Králové,50.209228515625,15.832770347595215,institution_geo,https://api.openalex.org/institutions/I75092371,Natural Earth v5.1.2 point-in-polygon using institution city coordinates,https://raw.githubusercontent.com/nvkelso/natural-earth-vector/v5.1.2/geojson/ne_10m_admin_1_states_provinces.geojson,CZ-KR,institution_city_point,False,True
W4402810904,10.1109/iccc62479.2024.10681781,Energy Consumption Prediction for Manufacturing in Industrial IoT Based on Heterogeneous GNN,2024,1,A5017052171,Xuan Su,https://orcid.org/0000-0003-2985-8193,first,I158842170,Chongqing University,education,https://ror.org/023rhb549,"[""Chongqing University,College of Mechanical and Vehicle Engineering,Chongqing,P. R. China,400044""]","[{""raw_affiliation_string"": ""Chongqing University,College of Mechanical and Vehicle Engineering,Chongqing,P. R. China,400044"", ""institution_ids"": [""https://openalex.org/I158842170""]}]","[""CN""]",CN,China,Chongqing,CN-chongqing,Chongqing,29.56026,106.55771,institution_geo,https://api.openalex.org/institutions/I158842170,OpenAlex institution.geo.region,,,institution_city_point,False,True
W4402810904,10.1109/iccc62479.2024.10681781,Energy Consumption Prediction for Manufacturing in Industrial IoT Based on Heterogeneous GNN,2024,2,A5101899595,Mingyan Li,https://orcid.org/0000-0002-6239-4872,middle,I158842170,Chongqing University,education,https://ror.org/023rhb549,"[""Chongqing University,College of Computer Science,Chongqing,P. R. China,400044""]","[{""raw_affiliation_string"": ""Chongqing University,College of Computer Science,Chongqing,P. R. China,400044"", ""institution_ids"": [""https://openalex.org/I158842170""]}]","[""CN""]",CN,China,Chongqing,CN-chongqing,Chongqing,29.56026,106.55771,institution_geo,https://api.openalex.org/institutions/I158842170,OpenAlex institution.geo.region,,,institution_city_point,False,True
W4402810904,10.1109/iccc62479.2024.10681781,Energy Consumption Prediction for Manufacturing in Industrial IoT Based on Heterogeneous GNN,2024,3,A5101693651,Qihao Li,https://orcid.org/0000-0002-2602-142X,middle,I194450716,Jilin University,education,https://ror.org/00js3aw79,"[""Jilin University,College of Communication Engineering,Changchun,P. R. China,130015""]","[{""raw_affiliation_string"": ""Jilin University,College of Communication Engineering,Changchun,P. R. China,130015"", ""institution_ids"": [""https://openalex.org/I194450716""]}]","[""CN""]",CN,China,Jilin,CN-jilin,Changchun,43.88,125.32278,institution_geo,https://api.openalex.org/institutions/I194450716,OpenAlex institution.geo.region,,,institution_city_point,False,True
W4402810904,10.1109/iccc62479.2024.10681781,Energy Consumption Prediction for Manufacturing in Industrial IoT Based on Heterogeneous GNN,2024,4,A5100408300,Chao Chen,https://orcid.org/0000-0001-6417-9546,middle,I158842170,Chongqing University,education,https://ror.org/023rhb549,"[""Chongqing University,College of Computer Science,Chongqing,P. R. China,400044""]","[{""raw_affiliation_string"": ""Chongqing University,College of Computer Science,Chongqing,P. R. China,400044"", ""institution_ids"": [""https://openalex.org/I158842170""]}]","[""CN""]",CN,China,Chongqing,CN-chongqing,Chongqing,29.56026,106.55771,institution_geo,https://api.openalex.org/institutions/I158842170,OpenAlex institution.geo.region,,,institution_city_point,False,True
W4402810904,10.1109/iccc62479.2024.10681781,Energy Consumption Prediction for Manufacturing in Industrial IoT Based on Heterogeneous GNN,2024,5,A5055813479,Songtao Guo,https://orcid.org/0000-0001-6741-4871,middle,I158842170,Chongqing University,education,https://ror.org/023rhb549,"[""Chongqing University,College of Computer Science,Chongqing,P. R. China,400044""]","[{""raw_affiliation_string"": ""Chongqing University,College of Computer Science,Chongqing,P. R. China,400044"", ""institution_ids"": [""https://openalex.org/I158842170""]}]","[""CN""]",CN,China,Chongqing,CN-chongqing,Chongqing,29.56026,106.55771,institution_geo,https://api.openalex.org/institutions/I158842170,OpenAlex institution.geo.region,,,institution_city_point,False,True
W4402810904,10.1109/iccc62479.2024.10681781,Energy Consumption Prediction for Manufacturing in Industrial IoT Based on Heterogeneous GNN,2024,6,A5100407849,Xu Wang,https://orcid.org/0000-0002-1708-9086,last,I158842170,Chongqing University,education,https://ror.org/023rhb549,"[""Chongqing University,College of Mechanical and Vehicle Engineering,Chongqing,P. R. China,400044""]","[{""raw_affiliation_string"": ""Chongqing University,College of Mechanical and Vehicle Engineering,Chongqing,P. R. China,400044"", ""institution_ids"": [""https://openalex.org/I158842170""]}]","[""CN""]",CN,China,Chongqing,CN-chongqing,Chongqing,29.56026,106.55771,institution_geo,https://api.openalex.org/institutions/I158842170,OpenAlex institution.geo.region,,,institution_city_point,False,True
W4397026601,10.1109/tfuzz.2024.3402348,Fuzzy-Based Optimal Control for Stochastic Nonlinear Systems With Constrained Inputs via Dynamic Event-Triggering,2024,1,A5020096491,Chenyi Si,https://orcid.org/0000-0002-0006-8967,first,I162868743,Tianjin University,education,https://ror.org/012tb2g32,"[""Tianjin Key Laboratory of Intelligent Unmanned Swarm Technology and System, School of Electrical and Information Engineering, Tianjin University, Tianjin, China""]","[{""raw_affiliation_string"": ""Tianjin Key Laboratory of Intelligent Unmanned Swarm Technology and System, School of Electrical and Information Engineering, Tianjin University, Tianjin, China"", ""institution_ids"": [""https://openalex.org/I162868743""]}]","[""CN""]",CN,China,Tianjin,CN-tianjin,Tianjin,39.14222,117.17667,institution_geo,https://api.openalex.org/institutions/I162868743,OpenAlex institution.geo.region,,,institution_city_point,False,True
W4397026601,10.1109/tfuzz.2024.3402348,Fuzzy-Based Optimal Control for Stochastic Nonlinear Systems With Constrained Inputs via Dynamic Event-Triggering,2024,2,A5057898837,Chaoxu Mu,https://orcid.org/0000-0003-1055-9513,middle,I162868743,Tianjin University,education,https://ror.org/012tb2g32,"[""Tianjin Key Laboratory of Intelligent Unmanned Swarm Technology and System, School of Electrical and Information Engineering, Tianjin University, Tianjin, China""]","[{""raw_affiliation_string"": ""Tianjin Key Laboratory of Intelligent Unmanned Swarm Technology and System, School of Electrical and Information Engineering, Tianjin University, Tianjin, China"", ""institution_ids"": [""https://openalex.org/I162868743""]}]","[""CN""]",CN,China,Tianjin,CN-tianjin,Tianjin,39.14222,117.17667,institution_geo,https://api.openalex.org/institutions/I162868743,OpenAlex institution.geo.region,,,institution_city_point,False,True
W4397026601,10.1109/tfuzz.2024.3402348,Fuzzy-Based Optimal Control for Stochastic Nonlinear Systems With Constrained Inputs via Dynamic Event-Triggering,2024,3,A5040414354,Ke Wang,https://orcid.org/0000-0002-8306-1663,middle,I162868743,Tianjin University,education,https://ror.org/012tb2g32,"[""Tianjin Key Laboratory of Intelligent Unmanned Swarm Technology and System, School of Electrical and Information Engineering, Tianjin University, Tianjin, China""]","[{""raw_affiliation_string"": ""Tianjin Key Laboratory of Intelligent Unmanned Swarm Technology and System, School of Electrical and Information Engineering, Tianjin University, Tianjin, China"", ""institution_ids"": [""https://openalex.org/I162868743""]}]","[""CN""]",CN,China,Tianjin,CN-tianjin,Tianjin,39.14222,117.17667,institution_geo,https://api.openalex.org/institutions/I162868743,OpenAlex institution.geo.region,,,institution_city_point,False,True
W4397026601,10.1109/tfuzz.2024.3402348,Fuzzy-Based Optimal Control for Stochastic Nonlinear Systems With Constrained Inputs via Dynamic Event-Triggering,2024,4,A5013161489,Song Zhu,https://orcid.org/0000-0001-5228-9406,middle,I25757504,China University of Mining and Technology,education,https://ror.org/01xt2dr21,"[""School of Mathematics, China University of Mining and Technology, Xuzhou, China""]","[{""raw_affiliation_string"": ""School of Mathematics, China University of Mining and Technology, Xuzhou, China"", ""institution_ids"": [""https://openalex.org/I25757504""]}]","[""CN""]",CN,China,Jiangsu,CN-jiangsu,Xuzhou,34.20441818237305,117.28385925292969,institution_geo,https://api.openalex.org/institutions/I25757504,Natural Earth v5.1.2 point-in-polygon using institution city coordinates,https://raw.githubusercontent.com/nvkelso/natural-earth-vector/v5.1.2/geojson/ne_10m_admin_1_states_provinces.geojson,CN-JS,institution_city_point,False,True
W4397026601,10.1109/tfuzz.2024.3402348,Fuzzy-Based Optimal Control for Stochastic Nonlinear Systems With Constrained Inputs via Dynamic Event-Triggering,2024,5,A5018438088,Jinpeng Yu,https://orcid.org/0000-0002-5432-1702,last,I108688024,Qingdao University,education,https://ror.org/021cj6z65,"[""School of Automation, Qingdao University, Qingdao, China""]","[{""raw_affiliation_string"": ""School of Automation, Qingdao University, Qingdao, China"", ""institution_ids"": [""https://openalex.org/I108688024""]}]","[""CN""]",CN,China,Shandong,CN-shandong,Qingdao,36.06488037109375,120.38041687011719,institution_geo,https://api.openalex.org/institutions/I108688024,Natural Earth v5.1.2 point-in-polygon using institution city coordinates,https://raw.githubusercontent.com/nvkelso/natural-earth-vector/v5.1.2/geojson/ne_10m_admin_1_states_provinces.geojson,CN-SD,institution_city_point,False,True
W4405421706,10.1007/s42243-024-01400-5,Hybrid prediction model for strip width based on improved mechanism and data-driven model,2024,1,A5013830452,Jia-liang Wang,https://orcid.org/0000-0002-3961-7732,first,I183067930,Shanghai Jiao Tong University,education,https://ror.org/0220qvk04,"[""Department of Automation, Shanghai JiaoTong University, Shanghai, 200030, China"", ""School of Electronic and Information Engineering, Xi’an Technological University, Xi’an, 710012, Shaanxi, China"", ""School of Electronic and Information Engineering, Xi'an Technological University, Xi'an, 710012, Shaanxi, China""]","[{""raw_affiliation_string"": ""Department of Automation, Shanghai JiaoTong University, Shanghai, 200030, China"", ""institution_ids"": [""https://openalex.org/I183067930""]}, {""raw_affiliation_string"": ""School of Electronic and Information Engineering, Xi’an Technological University, Xi’an, 710012, Shaanxi, China"", ""institution_ids"": [""https://openalex.org/I4210110558""]}, {""raw_affiliation_string"": ""School of Electronic and Information Engineering, Xi'an Technological University, Xi'an, 710012, Shaanxi, China"", ""institution_ids"": [""https://openalex.org/I4210110558""]}]","[""CN""]",CN,China,Shanghai,CN-shanghai,Shanghai,31.22222,121.45806,institution_geo,https://api.openalex.org/institutions/I183067930,OpenAlex institution.geo.region,,,institution_city_point,False,True
W4405421706,10.1007/s42243-024-01400-5,Hybrid prediction model for strip width based on improved mechanism and data-driven model,2024,1,A5013830452,Jia-liang Wang,https://orcid.org/0000-0002-3961-7732,first,I4210110558,Xi'an Technological University,education,https://ror.org/01t8prc81,"[""Department of Automation, Shanghai JiaoTong University, Shanghai, 200030, China"", ""School of Electronic and Information Engineering, Xi’an Technological University, Xi’an, 710012, Shaanxi, China"", ""School of Electronic and Information Engineering, Xi'an Technological University, Xi'an, 710012, Shaanxi, China""]","[{""raw_affiliation_string"": ""Department of Automation, Shanghai JiaoTong University, Shanghai, 200030, China"", ""institution_ids"": [""https://openalex.org/I183067930""]}, {""raw_affiliation_string"": ""School of Electronic and Information Engineering, Xi’an Technological University, Xi’an, 710012, Shaanxi, China"", ""institution_ids"": [""https://openalex.org/I4210110558""]}, {""raw_affiliation_string"": ""School of Electronic and Information Engineering, Xi'an Technological University, Xi'an, 710012, Shaanxi, China"", ""institution_ids"": [""https://openalex.org/I4210110558""]}]","[""CN""]",CN,China,Shaanxi,CN-shaanxi,Xi'an,34.25833,108.92861,institution_geo,https://api.openalex.org/institutions/I4210110558,OpenAlex institution.geo.region,,,institution_city_point,False,True
W4405421706,10.1007/s42243-024-01400-5,Hybrid prediction model for strip width based on improved mechanism and data-driven model,2024,2,A5100777024,Jingcheng Wang,https://orcid.org/0000-0002-4277-1263,middle,I183067930,Shanghai Jiao Tong University,education,https://ror.org/0220qvk04,"[""Department of Automation, Shanghai JiaoTong University, Shanghai, 200030, China"", ""School of Electronic and Information Engineering, Xi’an Technological University, Xi’an, 710012, Shaanxi, China""]","[{""raw_affiliation_string"": ""Department of Automation, Shanghai JiaoTong University, Shanghai, 200030, China"", ""institution_ids"": [""https://openalex.org/I183067930""]}, {""raw_affiliation_string"": ""School of Electronic and Information Engineering, Xi’an Technological University, Xi’an, 710012, Shaanxi, China"", ""institution_ids"": [""https://openalex.org/I4210110558""]}]","[""CN""]",CN,China,Shanghai,CN-shanghai,Shanghai,31.22222,121.45806,institution_geo,https://api.openalex.org/institutions/I183067930,OpenAlex institution.geo.region,,,institution_city_point,False,True
W4405421706,10.1007/s42243-024-01400-5,Hybrid prediction model for strip width based on improved mechanism and data-driven model,2024,2,A5100777024,Jingcheng Wang,https://orcid.org/0000-0002-4277-1263,middle,I4210110558,Xi'an Technological University,education,https://ror.org/01t8prc81,"[""Department of Automation, Shanghai JiaoTong University, Shanghai, 200030, China"", ""School of Electronic and Information Engineering, Xi’an Technological University, Xi’an, 710012, Shaanxi, China""]","[{""raw_affiliation_string"": ""Department of Automation, Shanghai JiaoTong University, Shanghai, 200030, China"", ""institution_ids"": [""https://openalex.org/I183067930""]}, {""raw_affiliation_string"": ""School of Electronic and Information Engineering, Xi’an Technological University, Xi’an, 710012, Shaanxi, China"", ""institution_ids"": [""https://openalex.org/I4210110558""]}]","[""CN""]",CN,China,Shaanxi,CN-shaanxi,Xi'an,34.25833,108.92861,institution_geo,https://api.openalex.org/institutions/I4210110558,OpenAlex institution.geo.region,,,institution_city_point,False,True
W4405421706,10.1007/s42243-024-01400-5,Hybrid prediction model for strip width based on improved mechanism and data-driven model,2024,3,A5114734512,Chaobo Chen,https://orcid.org/0000-0002-4250-7876,middle,I4210110558,Xi'an Technological University,education,https://ror.org/01t8prc81,"[""School of Electronic and Information Engineering, Xi’an Technological University, Xi’an, 710012, Shaanxi, China"", ""School of Electronic and Information Engineering, Xi'an Technological University, Xi'an, 710012, Shaanxi, China""]","[{""raw_affiliation_string"": ""School of Electronic and Information Engineering, Xi’an Technological University, Xi’an, 710012, Shaanxi, China"", ""institution_ids"": [""https://openalex.org/I4210110558""]}, {""raw_affiliation_string"": ""School of Electronic and Information Engineering, Xi'an Technological University, Xi'an, 710012, Shaanxi, China"", ""institution_ids"": [""https://openalex.org/I4210110558""]}]","[""CN""]",CN,China,Shaanxi,CN-shaanxi,Xi'an,34.25833,108.92861,institution_geo,https://api.openalex.org/institutions/I4210110558,OpenAlex institution.geo.region,,,institution_city_point,False,True
W4405421706,10.1007/s42243-024-01400-5,Hybrid prediction model for strip width based on improved mechanism and data-driven model,2024,4,A5029138127,Kangbo Dang,https://orcid.org/0009-0004-5949-6941,middle,I4210110558,Xi'an Technological University,education,https://ror.org/01t8prc81,"[""School of Electronic and Information Engineering, Xi’an Technological University, Xi’an, 710012, Shaanxi, China"", ""School of Electronic and Information Engineering, Xi'an Technological University, Xi'an, 710012, Shaanxi, China""]","[{""raw_affiliation_string"": ""School of Electronic and Information Engineering, Xi’an Technological University, Xi’an, 710012, Shaanxi, China"", ""institution_ids"": [""https://openalex.org/I4210110558""]}, {""raw_affiliation_string"": ""School of Electronic and Information Engineering, Xi'an Technological University, Xi'an, 710012, Shaanxi, China"", ""institution_ids"": [""https://openalex.org/I4210110558""]}]","[""CN""]",CN,China,Shaanxi,CN-shaanxi,Xi'an,34.25833,108.92861,institution_geo,https://api.openalex.org/institutions/I4210110558,OpenAlex institution.geo.region,,,institution_city_point,False,True
W4405421706,10.1007/s42243-024-01400-5,Hybrid prediction model for strip width based on improved mechanism and data-driven model,2024,5,A5100680634,Song Gao,https://orcid.org/0000-0003-2585-6748,last,I4210110558,Xi'an Technological University,education,https://ror.org/01t8prc81,"[""School of Electronic and Information Engineering, Xi’an Technological University, Xi’an, 710012, Shaanxi, China"", ""School of Electronic and Information Engineering, Xi'an Technological University, Xi'an, 710012, Shaanxi, China""]","[{""raw_affiliation_string"": ""School of Electronic and Information Engineering, Xi’an Technological University, Xi’an, 710012, Shaanxi, China"", ""institution_ids"": [""https://openalex.org/I4210110558""]}, {""raw_affiliation_string"": ""School of Electronic and Information Engineering, Xi'an Technological University, Xi'an, 710012, Shaanxi, China"", ""institution_ids"": [""https://openalex.org/I4210110558""]}]","[""CN""]",CN,China,Shaanxi,CN-shaanxi,Xi'an,34.25833,108.92861,institution_geo,https://api.openalex.org/institutions/I4210110558,OpenAlex institution.geo.region,,,institution_city_point,False,True
W4396930200,10.3934/dcdss.2024071,Observer-based dual-dynamic event-triggered mechanism design for balance control of motion robots,2024,1,A5030999777,Shouzhuan Chen,,first,I308837,Suzhou University of Science and Technology,education,https://ror.org/04en8wb91,"[""School of Electronic and Information Engineering Suzhou University of Science and Technology Suzhou 215000, China""]","[{""raw_affiliation_string"": ""School of Electronic and Information Engineering Suzhou University of Science and Technology Suzhou 215000, China"", ""institution_ids"": [""https://openalex.org/I308837""]}]","[""CN""]",CN,China,Jiangsu,CN-jiangsu,Suzhou,31.304079055786133,120.59538269042969,institution_geo,https://api.openalex.org/institutions/I308837,Natural Earth v5.1.2 point-in-polygon using institution city coordinates,https://raw.githubusercontent.com/nvkelso/natural-earth-vector/v5.1.2/geojson/ne_10m_admin_1_states_provinces.geojson,CN-JS,institution_city_point,False,True
W4396930200,10.3934/dcdss.2024071,Observer-based dual-dynamic event-triggered mechanism design for balance control of motion robots,2024,2,A5112379225,Yiming Yang,https://orcid.org/0009-0008-9686-5581,middle,I308837,Suzhou University of Science and Technology,education,https://ror.org/04en8wb91,"[""School of Electronic and Information Engineering, Suzhou University of Science and Technology, Suzhou 215000, China""]","[{""raw_affiliation_string"": ""School of Electronic and Information Engineering, Suzhou University of Science and Technology, Suzhou 215000, China"", ""institution_ids"": [""https://openalex.org/I308837""]}]","[""CN""]",CN,China,Jiangsu,CN-jiangsu,Suzhou,31.304079055786133,120.59538269042969,institution_geo,https://api.openalex.org/institutions/I308837,Natural Earth v5.1.2 point-in-polygon using institution city coordinates,https://raw.githubusercontent.com/nvkelso/natural-earth-vector/v5.1.2/geojson/ne_10m_admin_1_states_provinces.geojson,CN-JS,institution_city_point,False,True
W4396930200,10.3934/dcdss.2024071,Observer-based dual-dynamic event-triggered mechanism design for balance control of motion robots,2024,3,A5101149407,Shuxian Zhu,,middle,I308837,Suzhou University of Science and Technology,education,https://ror.org/04en8wb91,"[""School of Electronic and Information Engineering, Suzhou University of Science and Technology, Suzhou 215000, China""]","[{""raw_affiliation_string"": ""School of Electronic and Information Engineering, Suzhou University of Science and Technology, Suzhou 215000, China"", ""institution_ids"": [""https://openalex.org/I308837""]}]","[""CN""]",CN,China,Jiangsu,CN-jiangsu,Suzhou,31.304079055786133,120.59538269042969,institution_geo,https://api.openalex.org/institutions/I308837,Natural Earth v5.1.2 point-in-polygon using institution city coordinates,https://raw.githubusercontent.com/nvkelso/natural-earth-vector/v5.1.2/geojson/ne_10m_admin_1_states_provinces.geojson,CN-JS,institution_city_point,False,True
W4396930200,10.3934/dcdss.2024071,Observer-based dual-dynamic event-triggered mechanism design for balance control of motion robots,2024,4,A5064455835,Baoping Jiang,https://orcid.org/0000-0001-5592-345X,last,I308837,Suzhou University of Science and Technology,education,https://ror.org/04en8wb91,"[""School of Electronic and Information Engineering, Suzhou University of Science and Technology, Suzhou 215000, China""]","[{""raw_affiliation_string"": ""School of Electronic and Information Engineering, Suzhou University of Science and Technology, Suzhou 215000, China"", ""institution_ids"": [""https://openalex.org/I308837""]}]","[""CN""]",CN,China,Jiangsu,CN-jiangsu,Suzhou,31.304079055786133,120.59538269042969,institution_geo,https://api.openalex.org/institutions/I308837,Natural Earth v5.1.2 point-in-polygon using institution city coordinates,https://raw.githubusercontent.com/nvkelso/natural-earth-vector/v5.1.2/geojson/ne_10m_admin_1_states_provinces.geojson,CN-JS,institution_city_point,False,True
W4393188243,10.1109/tsmc.2024.3373456,Parallel Cross Entropy Policy Gradient Adaptive Dynamic Programming for Optimal Tracking Control of Discrete-Time Nonlinear Systems,2024,1,A5058905701,Jiahui Xu,https://orcid.org/0000-0002-4058-0447,first,I183067930,Shanghai Jiao Tong University,education,https://ror.org/0220qvk04,"[""Department of Automation, Shanghai Jiao Tong University, Key Laboratory of System Control and Information Processing, Shanghai, China""]","[{""raw_affiliation_string"": ""Department of Automation, Shanghai Jiao Tong University, Key Laboratory of System Control and Information Processing, Shanghai, China"", ""institution_ids"": [""https://openalex.org/I183067930""]}]","[""CN""]",CN,China,Shanghai,CN-shanghai,Shanghai,31.22222,121.45806,institution_geo,https://api.openalex.org/institutions/I183067930,OpenAlex institution.geo.region,,,institution_city_point,True,False
W4393188243,10.1109/tsmc.2024.3373456,Parallel Cross Entropy Policy Gradient Adaptive Dynamic Programming for Optimal Tracking Control of Discrete-Time Nonlinear Systems,2024,2,A5100777024,Jingcheng Wang,https://orcid.org/0000-0002-4277-1263,middle,I183067930,Shanghai Jiao Tong University,education,https://ror.org/0220qvk04,"[""Department of Automation, Shanghai Jiao Tong University, Key Laboratory of System Control and Information Processing, Shanghai, China""]","[{""raw_affiliation_string"": ""Department of Automation, Shanghai Jiao Tong University, Key Laboratory of System Control and Information Processing, Shanghai, China"", ""institution_ids"": [""https://openalex.org/I183067930""]}]","[""CN""]",CN,China,Shanghai,CN-shanghai,Shanghai,31.22222,121.45806,institution_geo,https://api.openalex.org/institutions/I183067930,OpenAlex institution.geo.region,,,institution_city_point,True,False
W4393188243,10.1109/tsmc.2024.3373456,Parallel Cross Entropy Policy Gradient Adaptive Dynamic Programming for Optimal Tracking Control of Discrete-Time Nonlinear Systems,2024,3,A5018604914,Jun Rao,https://orcid.org/0000-0002-7467-4898,middle,I183067930,Shanghai Jiao Tong University,education,https://ror.org/0220qvk04,"[""Department of Automation, Shanghai Jiao Tong University, Key Laboratory of System Control and Information Processing, Shanghai, China""]","[{""raw_affiliation_string"": ""Department of Automation, Shanghai Jiao Tong University, Key Laboratory of System Control and Information Processing, Shanghai, China"", ""institution_ids"": [""https://openalex.org/I183067930""]}]","[""CN""]",CN,China,Shanghai,CN-shanghai,Shanghai,31.22222,121.45806,institution_geo,https://api.openalex.org/institutions/I183067930,OpenAlex institution.geo.region,,,institution_city_point,True,False
W4393188243,10.1109/tsmc.2024.3373456,Parallel Cross Entropy Policy Gradient Adaptive Dynamic Programming for Optimal Tracking Control of Discrete-Time Nonlinear Systems,2024,4,A5000872966,Yanjiu Zhong,https://orcid.org/0000-0002-4361-9378,middle,I183067930,Shanghai Jiao Tong University,education,https://ror.org/0220qvk04,"[""Department of Automation, Shanghai Jiao Tong University, Key Laboratory of System Control and Information Processing, Shanghai, China""]","[{""raw_affiliation_string"": ""Department of Automation, Shanghai Jiao Tong University, Key Laboratory of System Control and Information Processing, Shanghai, China"", ""institution_ids"": [""https://openalex.org/I183067930""]}]","[""CN""]",CN,China,Shanghai,CN-shanghai,Shanghai,31.22222,121.45806,institution_geo,https://api.openalex.org/institutions/I183067930,OpenAlex institution.geo.region,,,institution_city_point,True,False
W4393188243,10.1109/tsmc.2024.3373456,Parallel Cross Entropy Policy Gradient Adaptive Dynamic Programming for Optimal Tracking Control of Discrete-Time Nonlinear Systems,2024,5,A5087893108,Shunyu Wu,https://orcid.org/0000-0001-9856-2148,middle,I183067930,Shanghai Jiao Tong University,education,https://ror.org/0220qvk04,"[""Department of Automation, Shanghai Jiao Tong University, Key Laboratory of System Control and Information Processing, Shanghai, China""]","[{""raw_affiliation_string"": ""Department of Automation, Shanghai Jiao Tong University, Key Laboratory of System Control and Information Processing, Shanghai, China"", ""institution_ids"": [""https://openalex.org/I183067930""]}]","[""CN""]",CN,China,Shanghai,CN-shanghai,Shanghai,31.22222,121.45806,institution_geo,https://api.openalex.org/institutions/I183067930,OpenAlex institution.geo.region,,,institution_city_point,True,False
W4393188243,10.1109/tsmc.2024.3373456,Parallel Cross Entropy Policy Gradient Adaptive Dynamic Programming for Optimal Tracking Control of Discrete-Time Nonlinear Systems,2024,6,A5026545800,Qifang Sun,https://orcid.org/0000-0001-6568-6718,last,I183067930,Shanghai Jiao Tong University,education,https://ror.org/0220qvk04,"[""Department of Automation, Shanghai Jiao Tong University, Key Laboratory of System Control and Information Processing, Shanghai, China""]","[{""raw_affiliation_string"": ""Department of Automation, Shanghai Jiao Tong University, Key Laboratory of System Control and Information Processing, Shanghai, China"", ""institution_ids"": [""https://openalex.org/I183067930""]}]","[""CN""]",CN,China,Shanghai,CN-shanghai,Shanghai,31.22222,121.45806,institution_geo,https://api.openalex.org/institutions/I183067930,OpenAlex institution.geo.region,,,institution_city_point,True,False
W4388740257,10.1109/tase.2023.3299185,A Novel Series-Concatenation Hybrid Prediction Model of Energy Consumption in Hot Strip Roughing Process With Multi-Step Rolling,2023,1,A5000872966,Yanjiu Zhong,https://orcid.org/0000-0002-4361-9378,first,I183067930,Shanghai Jiao Tong University,education,https://ror.org/0220qvk04,"[""Department of Automation, Key Laboratory of System Control and Information Processing, Shanghai Jiao Tong University, Shanghai, China""]","[{""raw_affiliation_string"": ""Department of Automation, Key Laboratory of System Control and Information Processing, Shanghai Jiao Tong University, Shanghai, China"", ""institution_ids"": [""https://openalex.org/I183067930""]}]","[""CN""]",CN,China,Shanghai,CN-shanghai,Shanghai,31.22222,121.45806,institution_geo,https://api.openalex.org/institutions/I183067930,OpenAlex institution.geo.region,,,institution_city_point,True,False
W4388740257,10.1109/tase.2023.3299185,A Novel Series-Concatenation Hybrid Prediction Model of Energy Consumption in Hot Strip Roughing Process With Multi-Step Rolling,2023,2,A5100777024,Jingcheng Wang,https://orcid.org/0000-0002-4277-1263,middle,I183067930,Shanghai Jiao Tong University,education,https://ror.org/0220qvk04,"[""Department of Automation, Key Laboratory of System Control and Information Processing, Shanghai Jiao Tong University, Shanghai, China""]","[{""raw_affiliation_string"": ""Department of Automation, Key Laboratory of System Control and Information Processing, Shanghai Jiao Tong University, Shanghai, China"", ""institution_ids"": [""https://openalex.org/I183067930""]}]","[""CN""]",CN,China,Shanghai,CN-shanghai,Shanghai,31.22222,121.45806,institution_geo,https://api.openalex.org/institutions/I183067930,OpenAlex institution.geo.region,,,institution_city_point,True,False
W4388740257,10.1109/tase.2023.3299185,A Novel Series-Concatenation Hybrid Prediction Model of Energy Consumption in Hot Strip Roughing Process With Multi-Step Rolling,2023,3,A5018604914,Jun Rao,https://orcid.org/0000-0002-7467-4898,middle,I183067930,Shanghai Jiao Tong University,education,https://ror.org/0220qvk04,"[""Department of Automation, Key Laboratory of System Control and Information Processing, Shanghai Jiao Tong University, Shanghai, China""]","[{""raw_affiliation_string"": ""Department of Automation, Key Laboratory of System Control and Information Processing, Shanghai Jiao Tong University, Shanghai, China"", ""institution_ids"": [""https://openalex.org/I183067930""]}]","[""CN""]",CN,China,Shanghai,CN-shanghai,Shanghai,31.22222,121.45806,institution_geo,https://api.openalex.org/institutions/I183067930,OpenAlex institution.geo.region,,,institution_city_point,True,False
W4388740257,10.1109/tase.2023.3299185,A Novel Series-Concatenation Hybrid Prediction Model of Energy Consumption in Hot Strip Roughing Process With Multi-Step Rolling,2023,4,A5058905701,Jiahui Xu,https://orcid.org/0000-0002-4058-0447,middle,I183067930,Shanghai Jiao Tong University,education,https://ror.org/0220qvk04,"[""Department of Automation, Key Laboratory of System Control and Information Processing, Shanghai Jiao Tong University, Shanghai, China""]","[{""raw_affiliation_string"": ""Department of Automation, Key Laboratory of System Control and Information Processing, Shanghai Jiao Tong University, Shanghai, China"", ""institution_ids"": [""https://openalex.org/I183067930""]}]","[""CN""]",CN,China,Shanghai,CN-shanghai,Shanghai,31.22222,121.45806,institution_geo,https://api.openalex.org/institutions/I183067930,OpenAlex institution.geo.region,,,institution_city_point,True,False
W4388740257,10.1109/tase.2023.3299185,A Novel Series-Concatenation Hybrid Prediction Model of Energy Consumption in Hot Strip Roughing Process With Multi-Step Rolling,2023,5,A5087893108,Shunyu Wu,https://orcid.org/0000-0001-9856-2148,last,I183067930,Shanghai Jiao Tong University,education,https://ror.org/0220qvk04,"[""Department of Automation, Key Laboratory of System Control and Information Processing, Shanghai Jiao Tong University, Shanghai, China""]","[{""raw_affiliation_string"": ""Department of Automation, Key Laboratory of System Control and Information Processing, Shanghai Jiao Tong University, Shanghai, China"", ""institution_ids"": [""https://openalex.org/I183067930""]}]","[""CN""]",CN,China,Shanghai,CN-shanghai,Shanghai,31.22222,121.45806,institution_geo,https://api.openalex.org/institutions/I183067930,OpenAlex institution.geo.region,,,institution_city_point,True,False
W4388562407,10.1016/j.ins.2023.119866,Model-free adaptive dynamic event-triggered robust control for unknown nonlinear systems using iterative neural dynamic programming,2023,1,A5103267184,Xin Tong,https://orcid.org/0000-0002-7914-1847,first,I9224756,Northeastern University,education,https://ror.org/03awzbc87,"[""College of Information Science and Engineering, Northeastern University, Shenyang, Liaoning, 110819, China""]","[{""raw_affiliation_string"": ""College of Information Science and Engineering, Northeastern University, Shenyang, Liaoning, 110819, China"", ""institution_ids"": [""https://openalex.org/I9224756""]}]","[""CN""]",CN,China,Liaoning,CN-liaoning,Shenyang,41.79222,123.43278,institution_geo,https://api.openalex.org/institutions/I9224756,OpenAlex institution.geo.region,,,institution_city_point,False,True
W4388562407,10.1016/j.ins.2023.119866,Model-free adaptive dynamic event-triggered robust control for unknown nonlinear systems using iterative neural dynamic programming,2023,2,A5001225543,Dazhong Ma,https://orcid.org/0000-0001-9647-3694,middle,I9224756,Northeastern University,education,https://ror.org/03awzbc87,"[""College of Information Science and Engineering, Northeastern University, Shenyang, Liaoning, 110819, China""]","[{""raw_affiliation_string"": ""College of Information Science and Engineering, Northeastern University, Shenyang, Liaoning, 110819, China"", ""institution_ids"": [""https://openalex.org/I9224756""]}]","[""CN""]",CN,China,Liaoning,CN-liaoning,Shenyang,41.79222,123.43278,institution_geo,https://api.openalex.org/institutions/I9224756,OpenAlex institution.geo.region,,,institution_city_point,False,True
W4388562407,10.1016/j.ins.2023.119866,Model-free adaptive dynamic event-triggered robust control for unknown nonlinear systems using iterative neural dynamic programming,2023,3,A5015793382,Zhanshan Wang,https://orcid.org/0000-0002-6022-4933,middle,I9224756,Northeastern University,education,https://ror.org/03awzbc87,"[""College of Information Science and Engineering, Northeastern University, Shenyang, Liaoning, 110819, China""]","[{""raw_affiliation_string"": ""College of Information Science and Engineering, Northeastern University, Shenyang, Liaoning, 110819, China"", ""institution_ids"": [""https://openalex.org/I9224756""]}]","[""CN""]",CN,China,Liaoning,CN-liaoning,Shenyang,41.79222,123.43278,institution_geo,https://api.openalex.org/institutions/I9224756,OpenAlex institution.geo.region,,,institution_city_point,False,True
W4388562407,10.1016/j.ins.2023.119866,Model-free adaptive dynamic event-triggered robust control for unknown nonlinear systems using iterative neural dynamic programming,2023,4,A5010477724,Zhongyang Ming,https://orcid.org/0009-0001-1002-6840,middle,I9224756,Northeastern University,education,https://ror.org/03awzbc87,"[""College of Information Science and Engineering, Northeastern University, Shenyang, Liaoning, 110819, China""]","[{""raw_affiliation_string"": ""College of Information Science and Engineering, Northeastern University, Shenyang, Liaoning, 110819, China"", ""institution_ids"": [""https://openalex.org/I9224756""]}]","[""CN""]",CN,China,Liaoning,CN-liaoning,Shenyang,41.79222,123.43278,institution_geo,https://api.openalex.org/institutions/I9224756,OpenAlex institution.geo.region,,,institution_city_point,False,True
W4388562407,10.1016/j.ins.2023.119866,Model-free adaptive dynamic event-triggered robust control for unknown nonlinear systems using iterative neural dynamic programming,2023,5,A5066409796,Xiangpeng Xie,https://orcid.org/0000-0003-4822-3134,last,I41198531,Nanjing University of Posts and Telecommunications,education,https://ror.org/043bpky34,"[""Institute of Advanced Technology, Nanjing University of Posts and Telecommunications, Nanjing 210003, China""]","[{""raw_affiliation_string"": ""Institute of Advanced Technology, Nanjing University of Posts and Telecommunications, Nanjing 210003, China"", ""institution_ids"": [""https://openalex.org/I41198531""]}]","[""CN""]",CN,China,Jiangsu,CN-jiangsu,Nanjing,32.06167,118.77778,institution_geo,https://api.openalex.org/institutions/I41198531,OpenAlex institution.geo.region,,,institution_city_point,False,True
W4391095559,10.1109/icicsp59554.2023.10390590,Prediction of Strip Width in Finishing-Mill Group Based on PCA-PSO-LightGBM,2023,1,A5100677918,Jialiang Wang,https://orcid.org/0000-0002-2776-5703,first,I4210110558,Xi'an Technological University,education,https://ror.org/01t8prc81,"[""School of Electronic Information Engineering, Xi&#x0027;an Technological University,Department of Automation,XI&#x0027;AN,China"", ""School of Electronic Information Engineering, Xi&#x0027;an Technological University,XI&#x0027;AN,China""]","[{""raw_affiliation_string"": ""School of Electronic Information Engineering, Xi&#x0027;an Technological University,Department of Automation,XI&#x0027;AN,China"", ""institution_ids"": [""https://openalex.org/I4210110558""]}, {""raw_affiliation_string"": ""School of Electronic Information Engineering, Xi&#x0027;an Technological University,XI&#x0027;AN,China"", ""institution_ids"": [""https://openalex.org/I4210110558""]}]","[""CN""]",CN,China,Shaanxi,CN-shaanxi,Xi'an,34.25833,108.92861,institution_geo,https://api.openalex.org/institutions/I4210110558,OpenAlex institution.geo.region,,,institution_city_point,False,True
W4391095559,10.1109/icicsp59554.2023.10390590,Prediction of Strip Width in Finishing-Mill Group Based on PCA-PSO-LightGBM,2023,2,A5113101505,Runyun Yao,,middle,,,,,"[""CMB Network Technology (Hangzhou) Co., Ltd.,HANGZHOU,China"", ""CMB Network Technology (Hangzhou) Co., Ltd., HANGZHOU, China""]","[{""raw_affiliation_string"": ""CMB Network Technology (Hangzhou) Co., Ltd.,HANGZHOU,China"", ""institution_ids"": []}, {""raw_affiliation_string"": ""CMB Network Technology (Hangzhou) Co., Ltd., HANGZHOU, China"", ""institution_ids"": []}]",[],,,,,,,,unresolved_institution,,,,,unavailable,False,False
W4391095559,10.1109/icicsp59554.2023.10390590,Prediction of Strip Width in Finishing-Mill Group Based on PCA-PSO-LightGBM,2023,3,A5100777024,Jingcheng Wang,https://orcid.org/0000-0002-4277-1263,middle,I183067930,Shanghai Jiao Tong University,education,https://ror.org/0220qvk04,"[""School of Electronic Information Engineering, Xi&#x0027;an Technological University,Department of Automation,XI&#x0027;AN,China"", ""School of Electronic Information Engineering, Xi&#x0027;an Technological University,XI&#x0027;AN,China"", ""Shanghai JiaoTong University, SHANGHAI, China""]","[{""raw_affiliation_string"": ""School of Electronic Information Engineering, Xi&#x0027;an Technological University,Department of Automation,XI&#x0027;AN,China"", ""institution_ids"": [""https://openalex.org/I4210110558""]}, {""raw_affiliation_string"": ""School of Electronic Information Engineering, Xi&#x0027;an Technological University,XI&#x0027;AN,China"", ""institution_ids"": [""https://openalex.org/I4210110558""]}, {""raw_affiliation_string"": ""Shanghai JiaoTong University, SHANGHAI, China"", ""institution_ids"": [""https://openalex.org/I183067930""]}]","[""CN""]",CN,China,Shanghai,CN-shanghai,Shanghai,31.22222,121.45806,institution_geo,https://api.openalex.org/institutions/I183067930,OpenAlex institution.geo.region,,,institution_city_point,False,True
W4391095559,10.1109/icicsp59554.2023.10390590,Prediction of Strip Width in Finishing-Mill Group Based on PCA-PSO-LightGBM,2023,3,A5100777024,Jingcheng Wang,https://orcid.org/0000-0002-4277-1263,middle,I4210110558,Xi'an Technological University,education,https://ror.org/01t8prc81,"[""School of Electronic Information Engineering, Xi&#x0027;an Technological University,Department of Automation,XI&#x0027;AN,China"", ""School of Electronic Information Engineering, Xi&#x0027;an Technological University,XI&#x0027;AN,China"", ""Shanghai JiaoTong University, SHANGHAI, China""]","[{""raw_affiliation_string"": ""School of Electronic Information Engineering, Xi&#x0027;an Technological University,Department of Automation,XI&#x0027;AN,China"", ""institution_ids"": [""https://openalex.org/I4210110558""]}, {""raw_affiliation_string"": ""School of Electronic Information Engineering, Xi&#x0027;an Technological University,XI&#x0027;AN,China"", ""institution_ids"": [""https://openalex.org/I4210110558""]}, {""raw_affiliation_string"": ""Shanghai JiaoTong University, SHANGHAI, China"", ""institution_ids"": [""https://openalex.org/I183067930""]}]","[""CN""]",CN,China,Shaanxi,CN-shaanxi,Xi'an,34.25833,108.92861,institution_geo,https://api.openalex.org/institutions/I4210110558,OpenAlex institution.geo.region,,,institution_city_point,False,True
W4391095559,10.1109/icicsp59554.2023.10390590,Prediction of Strip Width in Finishing-Mill Group Based on PCA-PSO-LightGBM,2023,4,A5100782346,Jichao Li,https://orcid.org/0000-0002-1781-3732,last,I4210110558,Xi'an Technological University,education,https://ror.org/01t8prc81,"[""School of Electronic Information Engineering, Xi&#x0027;an Technological University,XI&#x0027;AN,China""]","[{""raw_affiliation_string"": ""School of Electronic Information Engineering, Xi&#x0027;an Technological University,XI&#x0027;AN,China"", ""institution_ids"": [""https://openalex.org/I4210110558""]}]","[""CN""]",CN,China,Shaanxi,CN-shaanxi,Xi'an,34.25833,108.92861,institution_geo,https://api.openalex.org/institutions/I4210110558,OpenAlex institution.geo.region,,,institution_city_point,False,True
W4313043169,10.1109/access.2022.3225643,Embedded Real-Time Speed Forecasting for Electric Vehicles: A Case Study on RSK Urban Roads,2022,1,A5081020457,Y. NaitMalek,https://orcid.org/0000-0001-9378-9984,first,I126477371,Mohammed V University,education,https://ror.org/00r8w8f84,"[""College of Engineering and Architecture, LERMA-Laboratory, TIC-Laboratory, International University of Rabat, Rabat, Morocco"", ""ENSIAS, Mohamed V University, Rabat, Morocco""]","[{""raw_affiliation_string"": ""College of Engineering and Architecture, LERMA-Laboratory, TIC-Laboratory, International University of Rabat, Rabat, Morocco"", ""institution_ids"": [""https://openalex.org/I4210106663""]}, {""raw_affiliation_string"": ""ENSIAS, Mohamed V University, Rabat, Morocco"", ""institution_ids"": [""https://openalex.org/I126477371""]}]","[""MA""]",MA,Morocco,Rabat-Salé-Kénitra,MA-rabat-sale-kenitra,Rabat,34.01325,-6.83255,institution_geo,https://api.openalex.org/institutions/I126477371,OpenAlex institution.geo.region,,,institution_city_point,False,True
W4313043169,10.1109/access.2022.3225643,Embedded Real-Time Speed Forecasting for Electric Vehicles: A Case Study on RSK Urban Roads,2022,1,A5081020457,Y. NaitMalek,https://orcid.org/0000-0001-9378-9984,first,I4210106663,International University of Rabat,education,https://ror.org/01t9czq80,"[""College of Engineering and Architecture, LERMA-Laboratory, TIC-Laboratory, International University of Rabat, Rabat, Morocco"", ""ENSIAS, Mohamed V University, Rabat, Morocco""]","[{""raw_affiliation_string"": ""College of Engineering and Architecture, LERMA-Laboratory, TIC-Laboratory, International University of Rabat, Rabat, Morocco"", ""institution_ids"": [""https://openalex.org/I4210106663""]}, {""raw_affiliation_string"": ""ENSIAS, Mohamed V University, Rabat, Morocco"", ""institution_ids"": [""https://openalex.org/I126477371""]}]","[""MA""]",MA,Morocco,Rabat-Salé-Kénitra,MA-rabat-sale-kenitra,Salé,33.98527908325195,-6.723610877990723,institution_geo,https://api.openalex.org/institutions/I4210106663,Moroccan statistical authority regional office identifies the current Rabat-Salé-Kénitra region; replace the historical Natural Earth region name for Salé.,https://www.hcp.ma/region-rabat/,,institution_city_point,False,True
W4313043169,10.1109/access.2022.3225643,Embedded Real-Time Speed Forecasting for Electric Vehicles: A Case Study on RSK Urban Roads,2022,2,A5054644994,Mehdi Najib,https://orcid.org/0000-0001-9980-0240,middle,I4210106663,International University of Rabat,education,https://ror.org/01t9czq80,"[""College of Engineering and Architecture, LERMA-Laboratory, TIC-Laboratory, International University of Rabat, Rabat, Morocco""]","[{""raw_affiliation_string"": ""College of Engineering and Architecture, LERMA-Laboratory, TIC-Laboratory, International University of Rabat, Rabat, Morocco"", ""institution_ids"": [""https://openalex.org/I4210106663""]}]","[""MA""]",MA,Morocco,Rabat-Salé-Kénitra,MA-rabat-sale-kenitra,Salé,33.98527908325195,-6.723610877990723,institution_geo,https://api.openalex.org/institutions/I4210106663,Moroccan statistical authority regional office identifies the current Rabat-Salé-Kénitra region; replace the historical Natural Earth region name for Salé.,https://www.hcp.ma/region-rabat/,,institution_city_point,False,True
W4313043169,10.1109/access.2022.3225643,Embedded Real-Time Speed Forecasting for Electric Vehicles: A Case Study on RSK Urban Roads,2022,3,A5055899235,Mohamed Bakhouya,https://orcid.org/0000-0001-8558-5471,middle,I4210106663,International University of Rabat,education,https://ror.org/01t9czq80,"[""College of Engineering and Architecture, LERMA-Laboratory, TIC-Laboratory, International University of Rabat, Rabat, Morocco""]","[{""raw_affiliation_string"": ""College of Engineering and Architecture, LERMA-Laboratory, TIC-Laboratory, International University of Rabat, Rabat, Morocco"", ""institution_ids"": [""https://openalex.org/I4210106663""]}]","[""MA""]",MA,Morocco,Rabat-Salé-Kénitra,MA-rabat-sale-kenitra,Salé,33.98527908325195,-6.723610877990723,institution_geo,https://api.openalex.org/institutions/I4210106663,Moroccan statistical authority regional office identifies the current Rabat-Salé-Kénitra region; replace the historical Natural Earth region name for Salé.,https://www.hcp.ma/region-rabat/,,institution_city_point,False,True
W4313043169,10.1109/access.2022.3225643,Embedded Real-Time Speed Forecasting for Electric Vehicles: A Case Study on RSK Urban Roads,2022,4,A5076010131,Jaafar Gaber,https://orcid.org/0000-0003-4356-6760,middle,I1294671590,Centre National de la Recherche Scientifique,government,https://ror.org/02feahw73,"[""FEMTO-ST UMR CNRS, University Bourgogne Franche-Comt&#x00E9;, Belfort, UTBM, France""]","[{""raw_affiliation_string"": ""FEMTO-ST UMR CNRS, University Bourgogne Franche-Comt&#x00E9;, Belfort, UTBM, France"", ""institution_ids"": [""https://openalex.org/I1294671590"", ""https://openalex.org/I2802759292"", ""https://openalex.org/I37553959""]}]","[""FR""]",FR,France,Île-de-France,FR-ile-de-france,Paris,48.85341,2.3488,institution_geo,https://api.openalex.org/institutions/I1294671590,OpenAlex institution.geo.region,,,institution_city_point,False,True
W4313043169,10.1109/access.2022.3225643,Embedded Real-Time Speed Forecasting for Electric Vehicles: A Case Study on RSK Urban Roads,2022,4,A5076010131,Jaafar Gaber,https://orcid.org/0000-0003-4356-6760,middle,I2802759292,Franche-Comté Électronique Mécanique Thermique et Optique - Sciences et Technologies,facility,https://ror.org/004fmxv66,"[""FEMTO-ST UMR CNRS, University Bourgogne Franche-Comt&#x00E9;, Belfort, UTBM, France""]","[{""raw_affiliation_string"": ""FEMTO-ST UMR CNRS, University Bourgogne Franche-Comt&#x00E9;, Belfort, UTBM, France"", ""institution_ids"": [""https://openalex.org/I1294671590"", ""https://openalex.org/I2802759292"", ""https://openalex.org/I37553959""]}]","[""FR""]",FR,France,Bourgogne-Franche-Comté,FR-bourgogne-franche-comte,Besançon,47.24878,6.01815,institution_geo,https://api.openalex.org/institutions/I2802759292,OpenAlex institution.geo.region,,,institution_city_point,False,True
W4313043169,10.1109/access.2022.3225643,Embedded Real-Time Speed Forecasting for Electric Vehicles: A Case Study on RSK Urban Roads,2022,4,A5076010131,Jaafar Gaber,https://orcid.org/0000-0003-4356-6760,middle,I37553959,Université de technologie de belfort-montbéliard,education,https://ror.org/05bn3m307,"[""FEMTO-ST UMR CNRS, University Bourgogne Franche-Comt&#x00E9;, Belfort, UTBM, France""]","[{""raw_affiliation_string"": ""FEMTO-ST UMR CNRS, University Bourgogne Franche-Comt&#x00E9;, Belfort, UTBM, France"", ""institution_ids"": [""https://openalex.org/I1294671590"", ""https://openalex.org/I2802759292"", ""https://openalex.org/I37553959""]}]","[""FR""]",FR,France,Bourgogne-Franche-Comté,FR-bourgogne-franche-comte,Belfort,47.64218,6.85385,institution_geo,https://api.openalex.org/institutions/I37553959,OpenAlex institution.geo.region,,,institution_city_point,False,True
W4313043169,10.1109/access.2022.3225643,Embedded Real-Time Speed Forecasting for Electric Vehicles: A Case Study on RSK Urban Roads,2022,5,A5056342867,Mohamed Essaaidi,https://orcid.org/0000-0001-9215-3263,last,I126477371,Mohammed V University,education,https://ror.org/00r8w8f84,"[""ENSIAS, Mohamed V University, Rabat, Morocco""]","[{""raw_affiliation_string"": ""ENSIAS, Mohamed V University, Rabat, Morocco"", ""institution_ids"": [""https://openalex.org/I126477371""]}]","[""MA""]",MA,Morocco,Rabat-Salé-Kénitra,MA-rabat-sale-kenitra,Rabat,34.01325,-6.83255,institution_geo,https://api.openalex.org/institutions/I126477371,OpenAlex institution.geo.region,,,institution_city_point,False,True
